true_identity,predicted_identity,matched,similarity,distance,image
Taha_Yassin_Ramadan,Taha_Yassin_Ramadan,True,0.9039,0.4385,D:\Acadamics\Sem5\DL\Project\DeepVision-AI\backend\models\face_recognition\dataset\lfw-deepfunneled\lfw-deepfunneled\Taha_Yassin_Ramadan\Taha_Yassin_Ramadan_0015.jpg
Taha_Yassin_Ramadan,Unknown,False,0.5778,0.9189,D:\Acadamics\Sem5\DL\Project\DeepVision-AI\backend\models\face_recognition\dataset\lfw-deepfunneled\lfw-deepfunneled\Taha_Yassin_Ramadan\Taha_Yassin_Ramadan_0006.jpg
Taha_Yassin_Ramadan,Taha_Yassin_Ramadan,True,0.9048,0.4364,D:\Acadamics\Sem5\DL\Project\DeepVision-AI\backend\models\face_recognition\dataset\lfw-deepfunneled\lfw-deepfunneled\Taha_Yassin_Ramadan\Taha_Yassin_Ramadan_0012.jpg
Taha_Yassin_Ramadan,Taha_Yassin_Ramadan,True,0.8858,0.478,D:\Acadamics\Sem5\DL\Project\DeepVision-AI\backend\models\face_recognition\dataset\lfw-deepfunneled\lfw-deepfunneled\Taha_Yassin_Ramadan\Taha_Yassin_Ramadan_0010.jpg
Taha_Yassin_Ramadan,Taha_Yassin_Ramadan,True,0.913,0.4171,D:\Acadamics\Sem5\DL\Project\DeepVision-AI\backend\models\face_recognition\dataset\lfw-deepfunneled\lfw-deepfunneled\Taha_Yassin_Ramadan\Taha_Yassin_Ramadan_0004.jpg
Mahmoud_Abbas,Mahmoud_Abbas,True,0.8303,0.5826,D:\Acadamics\Sem5\DL\Project\DeepVision-AI\backend\models\face_recognition\dataset\lfw-deepfunneled\lfw-deepfunneled\Mahmoud_Abbas\Mahmoud_Abbas_0007.jpg
Mahmoud_Abbas,Mahmoud_Abbas,True,0.9004,0.4463,D:\Acadamics\Sem5\DL\Project\DeepVision-AI\backend\models\face_recognition\dataset\lfw-deepfunneled\lfw-deepfunneled\Mahmoud_Abbas\Mahmoud_Abbas_0015.jpg
Mahmoud_Abbas,Mahmoud_Abbas,True,0.9078,0.4293,D:\Acadamics\Sem5\DL\Project\DeepVision-AI\backend\models\face_recognition\dataset\lfw-deepfunneled\lfw-deepfunneled\Mahmoud_Abbas\Mahmoud_Abbas_0025.jpg
Mahmoud_Abbas,Mahmoud_Abbas,True,0.8726,0.5048,D:\Acadamics\Sem5\DL\Project\DeepVision-AI\backend\models\face_recognition\dataset\lfw-deepfunneled\lfw-deepfunneled\Mahmoud_Abbas\Mahmoud_Abbas_0026.jpg
Mahmoud_Abbas,Mahmoud_Abbas,True,0.8837,0.4822,D:\Acadamics\Sem5\DL\Project\DeepVision-AI\backend\models\face_recognition\dataset\lfw-deepfunneled\lfw-deepfunneled\Mahmoud_Abbas\Mahmoud_Abbas_0011.jpg
Michael_Bloomberg,Michael_Bloomberg,True,0.8715,0.5069,D:\Acadamics\Sem5\DL\Project\DeepVision-AI\backend\models\face_recognition\dataset\lfw-deepfunneled\lfw-deepfunneled\Michael_Bloomberg\Michael_Bloomberg_0001.jpg
Michael_Bloomberg,Michael_Bloomberg,True,0.9099,0.4244,D:\Acadamics\Sem5\DL\Project\DeepVision-AI\backend\models\face_recognition\dataset\lfw-deepfunneled\lfw-deepfunneled\Michael_Bloomberg\Michael_Bloomberg_0008.jpg
Michael_Bloomberg,Michael_Bloomberg,True,0.8839,0.4818,D:\Acadamics\Sem5\DL\Project\DeepVision-AI\backend\models\face_recognition\dataset\lfw-deepfunneled\lfw-deepfunneled\Michael_Bloomberg\Michael_Bloomberg_0003.jpg
Michael_Bloomberg,Michael_Bloomberg,True,0.7852,0.6554,D:\Acadamics\Sem5\DL\Project\DeepVision-AI\backend\models\face_recognition\dataset\lfw-deepfunneled\lfw-deepfunneled\Michael_Bloomberg\Michael_Bloomberg_0007.jpg
Michael_Bloomberg,Michael_Bloomberg,True,0.884,0.4817,D:\Acadamics\Sem5\DL\Project\DeepVision-AI\backend\models\face_recognition\dataset\lfw-deepfunneled\lfw-deepfunneled\Michael_Bloomberg\Michael_Bloomberg_0005.jpg
Atal_Bihari_Vajpayee,Atal_Bihari_Vajpayee,True,0.9281,0.3792,D:\Acadamics\Sem5\DL\Project\DeepVision-AI\backend\models\face_recognition\dataset\lfw-deepfunneled\lfw-deepfunneled\Atal_Bihari_Vajpayee\Atal_Bihari_Vajpayee_0023.jpg
Atal_Bihari_Vajpayee,Atal_Bihari_Vajpayee,True,0.9442,0.3342,D:\Acadamics\Sem5\DL\Project\DeepVision-AI\backend\models\face_recognition\dataset\lfw-deepfunneled\lfw-deepfunneled\Atal_Bihari_Vajpayee\Atal_Bihari_Vajpayee_0005.jpg
Atal_Bihari_Vajpayee,Atal_Bihari_Vajpayee,True,0.8961,0.4558,D:\Acadamics\Sem5\DL\Project\DeepVision-AI\backend\models\face_recognition\dataset\lfw-deepfunneled\lfw-deepfunneled\Atal_Bihari_Vajpayee\Atal_Bihari_Vajpayee_0013.jpg
Atal_Bihari_Vajpayee,Atal_Bihari_Vajpayee,True,0.93,0.3742,D:\Acadamics\Sem5\DL\Project\DeepVision-AI\backend\models\face_recognition\dataset\lfw-deepfunneled\lfw-deepfunneled\Atal_Bihari_Vajpayee\Atal_Bihari_Vajpayee_0024.jpg
Atal_Bihari_Vajpayee,Atal_Bihari_Vajpayee,True,0.8357,0.5732,D:\Acadamics\Sem5\DL\Project\DeepVision-AI\backend\models\face_recognition\dataset\lfw-deepfunneled\lfw-deepfunneled\Atal_Bihari_Vajpayee\Atal_Bihari_Vajpayee_0015.jpg
Jacques_Chirac,Jacques_Chirac,True,0.8888,0.4717,D:\Acadamics\Sem5\DL\Project\DeepVision-AI\backend\models\face_recognition\dataset\lfw-deepfunneled\lfw-deepfunneled\Jacques_Chirac\Jacques_Chirac_0033.jpg
Jacques_Chirac,Jacques_Chirac,True,0.916,0.41,D:\Acadamics\Sem5\DL\Project\DeepVision-AI\backend\models\face_recognition\dataset\lfw-deepfunneled\lfw-deepfunneled\Jacques_Chirac\Jacques_Chirac_0005.jpg
Jacques_Chirac,Jacques_Chirac,True,0.8852,0.4793,D:\Acadamics\Sem5\DL\Project\DeepVision-AI\backend\models\face_recognition\dataset\lfw-deepfunneled\lfw-deepfunneled\Jacques_Chirac\Jacques_Chirac_0004.jpg
Jacques_Chirac,Jacques_Chirac,True,0.9474,0.3243,D:\Acadamics\Sem5\DL\Project\DeepVision-AI\backend\models\face_recognition\dataset\lfw-deepfunneled\lfw-deepfunneled\Jacques_Chirac\Jacques_Chirac_0052.jpg
Jacques_Chirac,Jacques_Chirac,True,0.8602,0.5288,D:\Acadamics\Sem5\DL\Project\DeepVision-AI\backend\models\face_recognition\dataset\lfw-deepfunneled\lfw-deepfunneled\Jacques_Chirac\Jacques_Chirac_0047.jpg
Halle_Berry,Halle_Berry,True,0.8966,0.4546,D:\Acadamics\Sem5\DL\Project\DeepVision-AI\backend\models\face_recognition\dataset\lfw-deepfunneled\lfw-deepfunneled\Halle_Berry\Halle_Berry_0007.jpg
Halle_Berry,Halle_Berry,True,0.8867,0.4761,D:\Acadamics\Sem5\DL\Project\DeepVision-AI\backend\models\face_recognition\dataset\lfw-deepfunneled\lfw-deepfunneled\Halle_Berry\Halle_Berry_0011.jpg
Halle_Berry,Halle_Berry,True,0.8637,0.5221,D:\Acadamics\Sem5\DL\Project\DeepVision-AI\backend\models\face_recognition\dataset\lfw-deepfunneled\lfw-deepfunneled\Halle_Berry\Halle_Berry_0016.jpg
Halle_Berry,Halle_Berry,True,0.7205,0.7477,D:\Acadamics\Sem5\DL\Project\DeepVision-AI\backend\models\face_recognition\dataset\lfw-deepfunneled\lfw-deepfunneled\Halle_Berry\Halle_Berry_0002.jpg
Halle_Berry,Halle_Berry,True,0.8616,0.526,D:\Acadamics\Sem5\DL\Project\DeepVision-AI\backend\models\face_recognition\dataset\lfw-deepfunneled\lfw-deepfunneled\Halle_Berry\Halle_Berry_0004.jpg
Alejandro_Toledo,Alejandro_Toledo,True,0.9156,0.4109,D:\Acadamics\Sem5\DL\Project\DeepVision-AI\backend\models\face_recognition\dataset\lfw-deepfunneled\lfw-deepfunneled\Alejandro_Toledo\Alejandro_Toledo_0020.jpg
Alejandro_Toledo,Alejandro_Toledo,True,0.827,0.5881,D:\Acadamics\Sem5\DL\Project\DeepVision-AI\backend\models\face_recognition\dataset\lfw-deepfunneled\lfw-deepfunneled\Alejandro_Toledo\Alejandro_Toledo_0038.jpg
Alejandro_Toledo,Alejandro_Toledo,True,0.8706,0.5087,D:\Acadamics\Sem5\DL\Project\DeepVision-AI\backend\models\face_recognition\dataset\lfw-deepfunneled\lfw-deepfunneled\Alejandro_Toledo\Alejandro_Toledo_0024.jpg
Alejandro_Toledo,Alejandro_Toledo,True,0.8936,0.4612,D:\Acadamics\Sem5\DL\Project\DeepVision-AI\backend\models\face_recognition\dataset\lfw-deepfunneled\lfw-deepfunneled\Alejandro_Toledo\Alejandro_Toledo_0026.jpg
Alejandro_Toledo,Alejandro_Toledo,True,0.8975,0.4529,D:\Acadamics\Sem5\DL\Project\DeepVision-AI\backend\models\face_recognition\dataset\lfw-deepfunneled\lfw-deepfunneled\Alejandro_Toledo\Alejandro_Toledo_0039.jpg
Nicole_Kidman,Nicole_Kidman,True,0.8019,0.6294,D:\Acadamics\Sem5\DL\Project\DeepVision-AI\backend\models\face_recognition\dataset\lfw-deepfunneled\lfw-deepfunneled\Nicole_Kidman\Nicole_Kidman_0015.jpg
Nicole_Kidman,Nicole_Kidman,True,0.8299,0.5833,D:\Acadamics\Sem5\DL\Project\DeepVision-AI\backend\models\face_recognition\dataset\lfw-deepfunneled\lfw-deepfunneled\Nicole_Kidman\Nicole_Kidman_0009.jpg
Nicole_Kidman,Nicole_Kidman,True,0.8621,0.5252,D:\Acadamics\Sem5\DL\Project\DeepVision-AI\backend\models\face_recognition\dataset\lfw-deepfunneled\lfw-deepfunneled\Nicole_Kidman\Nicole_Kidman_0012.jpg
Nicole_Kidman,Nicole_Kidman,True,0.7769,0.668,D:\Acadamics\Sem5\DL\Project\DeepVision-AI\backend\models\face_recognition\dataset\lfw-deepfunneled\lfw-deepfunneled\Nicole_Kidman\Nicole_Kidman_0017.jpg
Nicole_Kidman,Nicole_Kidman,True,0.8379,0.5693,D:\Acadamics\Sem5\DL\Project\DeepVision-AI\backend\models\face_recognition\dataset\lfw-deepfunneled\lfw-deepfunneled\Nicole_Kidman\Nicole_Kidman_0001.jpg
Colin_Powell,Colin_Powell,True,0.9367,0.3559,D:\Acadamics\Sem5\DL\Project\DeepVision-AI\backend\models\face_recognition\dataset\lfw-deepfunneled\lfw-deepfunneled\Colin_Powell\Colin_Powell_0097.jpg
Colin_Powell,Colin_Powell,True,0.937,0.3549,D:\Acadamics\Sem5\DL\Project\DeepVision-AI\backend\models\face_recognition\dataset\lfw-deepfunneled\lfw-deepfunneled\Colin_Powell\Colin_Powell_0119.jpg
Colin_Powell,Colin_Powell,True,0.9053,0.4353,D:\Acadamics\Sem5\DL\Project\DeepVision-AI\backend\models\face_recognition\dataset\lfw-deepfunneled\lfw-deepfunneled\Colin_Powell\Colin_Powell_0162.jpg
Colin_Powell,Colin_Powell,True,0.9103,0.4235,D:\Acadamics\Sem5\DL\Project\DeepVision-AI\backend\models\face_recognition\dataset\lfw-deepfunneled\lfw-deepfunneled\Colin_Powell\Colin_Powell_0196.jpg
Colin_Powell,Colin_Powell,True,0.9668,0.2579,D:\Acadamics\Sem5\DL\Project\DeepVision-AI\backend\models\face_recognition\dataset\lfw-deepfunneled\lfw-deepfunneled\Colin_Powell\Colin_Powell_0124.jpg
Megawati_Sukarnoputri,Megawati_Sukarnoputri,True,0.8202,0.5997,D:\Acadamics\Sem5\DL\Project\DeepVision-AI\backend\models\face_recognition\dataset\lfw-deepfunneled\lfw-deepfunneled\Megawati_Sukarnoputri\Megawati_Sukarnoputri_0015.jpg
Megawati_Sukarnoputri,Unknown,False,0.4319,1.0659,D:\Acadamics\Sem5\DL\Project\DeepVision-AI\backend\models\face_recognition\dataset\lfw-deepfunneled\lfw-deepfunneled\Megawati_Sukarnoputri\Megawati_Sukarnoputri_0031.jpg
Megawati_Sukarnoputri,Megawati_Sukarnoputri,True,0.8544,0.5395,D:\Acadamics\Sem5\DL\Project\DeepVision-AI\backend\models\face_recognition\dataset\lfw-deepfunneled\lfw-deepfunneled\Megawati_Sukarnoputri\Megawati_Sukarnoputri_0013.jpg
Megawati_Sukarnoputri,Megawati_Sukarnoputri,True,0.9257,0.3854,D:\Acadamics\Sem5\DL\Project\DeepVision-AI\backend\models\face_recognition\dataset\lfw-deepfunneled\lfw-deepfunneled\Megawati_Sukarnoputri\Megawati_Sukarnoputri_0023.jpg
Megawati_Sukarnoputri,Megawati_Sukarnoputri,True,0.8688,0.5123,D:\Acadamics\Sem5\DL\Project\DeepVision-AI\backend\models\face_recognition\dataset\lfw-deepfunneled\lfw-deepfunneled\Megawati_Sukarnoputri\Megawati_Sukarnoputri_0016.jpg
Michael_Schumacher,Michael_Schumacher,True,0.8924,0.464,D:\Acadamics\Sem5\DL\Project\DeepVision-AI\backend\models\face_recognition\dataset\lfw-deepfunneled\lfw-deepfunneled\Michael_Schumacher\Michael_Schumacher_0016.jpg
Michael_Schumacher,Unknown,False,0.6834,0.7957,D:\Acadamics\Sem5\DL\Project\DeepVision-AI\backend\models\face_recognition\dataset\lfw-deepfunneled\lfw-deepfunneled\Michael_Schumacher\Michael_Schumacher_0009.jpg
Michael_Schumacher,Michael_Schumacher,True,0.8625,0.5245,D:\Acadamics\Sem5\DL\Project\DeepVision-AI\backend\models\face_recognition\dataset\lfw-deepfunneled\lfw-deepfunneled\Michael_Schumacher\Michael_Schumacher_0012.jpg
Michael_Schumacher,Michael_Schumacher,True,0.8641,0.5213,D:\Acadamics\Sem5\DL\Project\DeepVision-AI\backend\models\face_recognition\dataset\lfw-deepfunneled\lfw-deepfunneled\Michael_Schumacher\Michael_Schumacher_0013.jpg
Michael_Schumacher,Michael_Schumacher,True,0.8392,0.5672,D:\Acadamics\Sem5\DL\Project\DeepVision-AI\backend\models\face_recognition\dataset\lfw-deepfunneled\lfw-deepfunneled\Michael_Schumacher\Michael_Schumacher_0003.jpg
Bill_Clinton,Bill_Clinton,True,0.8688,0.5122,D:\Acadamics\Sem5\DL\Project\DeepVision-AI\backend\models\face_recognition\dataset\lfw-deepfunneled\lfw-deepfunneled\Bill_Clinton\Bill_Clinton_0011.jpg
Bill_Clinton,Bill_Clinton,True,0.8594,0.5303,D:\Acadamics\Sem5\DL\Project\DeepVision-AI\backend\models\face_recognition\dataset\lfw-deepfunneled\lfw-deepfunneled\Bill_Clinton\Bill_Clinton_0029.jpg
Bill_Clinton,Bill_Clinton,True,0.8524,0.5434,D:\Acadamics\Sem5\DL\Project\DeepVision-AI\backend\models\face_recognition\dataset\lfw-deepfunneled\lfw-deepfunneled\Bill_Clinton\Bill_Clinton_0027.jpg
Bill_Clinton,Bill_Clinton,True,0.896,0.4561,D:\Acadamics\Sem5\DL\Project\DeepVision-AI\backend\models\face_recognition\dataset\lfw-deepfunneled\lfw-deepfunneled\Bill_Clinton\Bill_Clinton_0019.jpg
Bill_Clinton,Bill_Clinton,True,0.8839,0.482,D:\Acadamics\Sem5\DL\Project\DeepVision-AI\backend\models\face_recognition\dataset\lfw-deepfunneled\lfw-deepfunneled\Bill_Clinton\Bill_Clinton_0013.jpg
Junichiro_Koizumi,Junichiro_Koizumi,True,0.9362,0.3573,D:\Acadamics\Sem5\DL\Project\DeepVision-AI\backend\models\face_recognition\dataset\lfw-deepfunneled\lfw-deepfunneled\Junichiro_Koizumi\Junichiro_Koizumi_0012.jpg
Junichiro_Koizumi,Junichiro_Koizumi,True,0.8291,0.5847,D:\Acadamics\Sem5\DL\Project\DeepVision-AI\backend\models\face_recognition\dataset\lfw-deepfunneled\lfw-deepfunneled\Junichiro_Koizumi\Junichiro_Koizumi_0011.jpg
Junichiro_Koizumi,Junichiro_Koizumi,True,0.9262,0.3842,D:\Acadamics\Sem5\DL\Project\DeepVision-AI\backend\models\face_recognition\dataset\lfw-deepfunneled\lfw-deepfunneled\Junichiro_Koizumi\Junichiro_Koizumi_0057.jpg
Junichiro_Koizumi,Junichiro_Koizumi,True,0.8303,0.5827,D:\Acadamics\Sem5\DL\Project\DeepVision-AI\backend\models\face_recognition\dataset\lfw-deepfunneled\lfw-deepfunneled\Junichiro_Koizumi\Junichiro_Koizumi_0007.jpg
Junichiro_Koizumi,Junichiro_Koizumi,True,0.9301,0.3739,D:\Acadamics\Sem5\DL\Project\DeepVision-AI\backend\models\face_recognition\dataset\lfw-deepfunneled\lfw-deepfunneled\Junichiro_Koizumi\Junichiro_Koizumi_0034.jpg
Recep_Tayyip_Erdogan,Recep_Tayyip_Erdogan,True,0.9312,0.3709,D:\Acadamics\Sem5\DL\Project\DeepVision-AI\backend\models\face_recognition\dataset\lfw-deepfunneled\lfw-deepfunneled\Recep_Tayyip_Erdogan\Recep_Tayyip_Erdogan_0024.jpg
Recep_Tayyip_Erdogan,Recep_Tayyip_Erdogan,True,0.9042,0.4377,D:\Acadamics\Sem5\DL\Project\DeepVision-AI\backend\models\face_recognition\dataset\lfw-deepfunneled\lfw-deepfunneled\Recep_Tayyip_Erdogan\Recep_Tayyip_Erdogan_0019.jpg
Recep_Tayyip_Erdogan,Recep_Tayyip_Erdogan,True,0.9107,0.4225,D:\Acadamics\Sem5\DL\Project\DeepVision-AI\backend\models\face_recognition\dataset\lfw-deepfunneled\lfw-deepfunneled\Recep_Tayyip_Erdogan\Recep_Tayyip_Erdogan_0020.jpg
Recep_Tayyip_Erdogan,Recep_Tayyip_Erdogan,True,0.9065,0.4325,D:\Acadamics\Sem5\DL\Project\DeepVision-AI\backend\models\face_recognition\dataset\lfw-deepfunneled\lfw-deepfunneled\Recep_Tayyip_Erdogan\Recep_Tayyip_Erdogan_0016.jpg
Recep_Tayyip_Erdogan,Recep_Tayyip_Erdogan,True,0.8647,0.5203,D:\Acadamics\Sem5\DL\Project\DeepVision-AI\backend\models\face_recognition\dataset\lfw-deepfunneled\lfw-deepfunneled\Recep_Tayyip_Erdogan\Recep_Tayyip_Erdogan_0027.jpg
Julie_Gerberding,Julie_Gerberding,True,0.9182,0.4046,D:\Acadamics\Sem5\DL\Project\DeepVision-AI\backend\models\face_recognition\dataset\lfw-deepfunneled\lfw-deepfunneled\Julie_Gerberding\Julie_Gerberding_0003.jpg
Julie_Gerberding,Julie_Gerberding,True,0.9616,0.2772,D:\Acadamics\Sem5\DL\Project\DeepVision-AI\backend\models\face_recognition\dataset\lfw-deepfunneled\lfw-deepfunneled\Julie_Gerberding\Julie_Gerberding_0010.jpg
Julie_Gerberding,Julie_Gerberding,True,0.9536,0.3047,D:\Acadamics\Sem5\DL\Project\DeepVision-AI\backend\models\face_recognition\dataset\lfw-deepfunneled\lfw-deepfunneled\Julie_Gerberding\Julie_Gerberding_0001.jpg
Julie_Gerberding,Julie_Gerberding,True,0.8785,0.4929,D:\Acadamics\Sem5\DL\Project\DeepVision-AI\backend\models\face_recognition\dataset\lfw-deepfunneled\lfw-deepfunneled\Julie_Gerberding\Julie_Gerberding_0014.jpg
Julie_Gerberding,Julie_Gerberding,True,0.9484,0.3212,D:\Acadamics\Sem5\DL\Project\DeepVision-AI\backend\models\face_recognition\dataset\lfw-deepfunneled\lfw-deepfunneled\Julie_Gerberding\Julie_Gerberding_0004.jpg
Tom_Ridge,Tom_Ridge,True,0.9262,0.3842,D:\Acadamics\Sem5\DL\Project\DeepVision-AI\backend\models\face_recognition\dataset\lfw-deepfunneled\lfw-deepfunneled\Tom_Ridge\Tom_Ridge_0028.jpg
Tom_Ridge,Tom_Ridge,True,0.9246,0.3882,D:\Acadamics\Sem5\DL\Project\DeepVision-AI\backend\models\face_recognition\dataset\lfw-deepfunneled\lfw-deepfunneled\Tom_Ridge\Tom_Ridge_0032.jpg
Tom_Ridge,Tom_Ridge,True,0.9057,0.4343,D:\Acadamics\Sem5\DL\Project\DeepVision-AI\backend\models\face_recognition\dataset\lfw-deepfunneled\lfw-deepfunneled\Tom_Ridge\Tom_Ridge_0012.jpg
Tom_Ridge,Tom_Ridge,True,0.8771,0.4958,D:\Acadamics\Sem5\DL\Project\DeepVision-AI\backend\models\face_recognition\dataset\lfw-deepfunneled\lfw-deepfunneled\Tom_Ridge\Tom_Ridge_0030.jpg
Tom_Ridge,Tom_Ridge,True,0.9168,0.408,D:\Acadamics\Sem5\DL\Project\DeepVision-AI\backend\models\face_recognition\dataset\lfw-deepfunneled\lfw-deepfunneled\Tom_Ridge\Tom_Ridge_0002.jpg
Juan_Carlos_Ferrero,Juan_Carlos_Ferrero,True,0.9374,0.3539,D:\Acadamics\Sem5\DL\Project\DeepVision-AI\backend\models\face_recognition\dataset\lfw-deepfunneled\lfw-deepfunneled\Juan_Carlos_Ferrero\Juan_Carlos_Ferrero_0009.jpg
Juan_Carlos_Ferrero,Juan_Carlos_Ferrero,True,0.8582,0.5325,D:\Acadamics\Sem5\DL\Project\DeepVision-AI\backend\models\face_recognition\dataset\lfw-deepfunneled\lfw-deepfunneled\Juan_Carlos_Ferrero\Juan_Carlos_Ferrero_0018.jpg
Juan_Carlos_Ferrero,Juan_Carlos_Ferrero,True,0.8859,0.4777,D:\Acadamics\Sem5\DL\Project\DeepVision-AI\backend\models\face_recognition\dataset\lfw-deepfunneled\lfw-deepfunneled\Juan_Carlos_Ferrero\Juan_Carlos_Ferrero_0007.jpg
Juan_Carlos_Ferrero,Juan_Carlos_Ferrero,True,0.8572,0.5344,D:\Acadamics\Sem5\DL\Project\DeepVision-AI\backend\models\face_recognition\dataset\lfw-deepfunneled\lfw-deepfunneled\Juan_Carlos_Ferrero\Juan_Carlos_Ferrero_0026.jpg
Juan_Carlos_Ferrero,Juan_Carlos_Ferrero,True,0.8761,0.4979,D:\Acadamics\Sem5\DL\Project\DeepVision-AI\backend\models\face_recognition\dataset\lfw-deepfunneled\lfw-deepfunneled\Juan_Carlos_Ferrero\Juan_Carlos_Ferrero_0025.jpg
John_Ashcroft,John_Ashcroft,True,0.8685,0.5128,D:\Acadamics\Sem5\DL\Project\DeepVision-AI\backend\models\face_recognition\dataset\lfw-deepfunneled\lfw-deepfunneled\John_Ashcroft\John_Ashcroft_0044.jpg
John_Ashcroft,John_Ashcroft,True,0.864,0.5216,D:\Acadamics\Sem5\DL\Project\DeepVision-AI\backend\models\face_recognition\dataset\lfw-deepfunneled\lfw-deepfunneled\John_Ashcroft\John_Ashcroft_0039.jpg
John_Ashcroft,John_Ashcroft,True,0.8143,0.6095,D:\Acadamics\Sem5\DL\Project\DeepVision-AI\backend\models\face_recognition\dataset\lfw-deepfunneled\lfw-deepfunneled\John_Ashcroft\John_Ashcroft_0028.jpg
John_Ashcroft,John_Ashcroft,True,0.8784,0.4932,D:\Acadamics\Sem5\DL\Project\DeepVision-AI\backend\models\face_recognition\dataset\lfw-deepfunneled\lfw-deepfunneled\John_Ashcroft\John_Ashcroft_0004.jpg
John_Ashcroft,John_Ashcroft,True,0.9216,0.3959,D:\Acadamics\Sem5\DL\Project\DeepVision-AI\backend\models\face_recognition\dataset\lfw-deepfunneled\lfw-deepfunneled\John_Ashcroft\John_Ashcroft_0005.jpg
Nancy_Pelosi,Nancy_Pelosi,True,0.8252,0.5912,D:\Acadamics\Sem5\DL\Project\DeepVision-AI\backend\models\face_recognition\dataset\lfw-deepfunneled\lfw-deepfunneled\Nancy_Pelosi\Nancy_Pelosi_0014.jpg
Nancy_Pelosi,Nancy_Pelosi,True,0.9291,0.3766,D:\Acadamics\Sem5\DL\Project\DeepVision-AI\backend\models\face_recognition\dataset\lfw-deepfunneled\lfw-deepfunneled\Nancy_Pelosi\Nancy_Pelosi_0005.jpg
Nancy_Pelosi,Nancy_Pelosi,True,0.9374,0.3538,D:\Acadamics\Sem5\DL\Project\DeepVision-AI\backend\models\face_recognition\dataset\lfw-deepfunneled\lfw-deepfunneled\Nancy_Pelosi\Nancy_Pelosi_0008.jpg
Nancy_Pelosi,Nancy_Pelosi,True,0.9201,0.3996,D:\Acadamics\Sem5\DL\Project\DeepVision-AI\backend\models\face_recognition\dataset\lfw-deepfunneled\lfw-deepfunneled\Nancy_Pelosi\Nancy_Pelosi_0012.jpg
Nancy_Pelosi,Nancy_Pelosi,True,0.8787,0.4925,D:\Acadamics\Sem5\DL\Project\DeepVision-AI\backend\models\face_recognition\dataset\lfw-deepfunneled\lfw-deepfunneled\Nancy_Pelosi\Nancy_Pelosi_0006.jpg
Hu_Jintao,Hu_Jintao,True,0.9495,0.3179,D:\Acadamics\Sem5\DL\Project\DeepVision-AI\backend\models\face_recognition\dataset\lfw-deepfunneled\lfw-deepfunneled\Hu_Jintao\Hu_Jintao_0005.jpg
Hu_Jintao,Hu_Jintao,True,0.9288,0.3773,D:\Acadamics\Sem5\DL\Project\DeepVision-AI\backend\models\face_recognition\dataset\lfw-deepfunneled\lfw-deepfunneled\Hu_Jintao\Hu_Jintao_0008.jpg
Hu_Jintao,Hu_Jintao,True,0.8432,0.5601,D:\Acadamics\Sem5\DL\Project\DeepVision-AI\backend\models\face_recognition\dataset\lfw-deepfunneled\lfw-deepfunneled\Hu_Jintao\Hu_Jintao_0012.jpg
Hu_Jintao,Hu_Jintao,True,0.9482,0.3217,D:\Acadamics\Sem5\DL\Project\DeepVision-AI\backend\models\face_recognition\dataset\lfw-deepfunneled\lfw-deepfunneled\Hu_Jintao\Hu_Jintao_0015.jpg
Hu_Jintao,Hu_Jintao,True,0.9307,0.3723,D:\Acadamics\Sem5\DL\Project\DeepVision-AI\backend\models\face_recognition\dataset\lfw-deepfunneled\lfw-deepfunneled\Hu_Jintao\Hu_Jintao_0004.jpg
Laura_Bush,Laura_Bush,True,0.8134,0.6109,D:\Acadamics\Sem5\DL\Project\DeepVision-AI\backend\models\face_recognition\dataset\lfw-deepfunneled\lfw-deepfunneled\Laura_Bush\Laura_Bush_0012.jpg
Laura_Bush,Laura_Bush,True,0.7778,0.6667,D:\Acadamics\Sem5\DL\Project\DeepVision-AI\backend\models\face_recognition\dataset\lfw-deepfunneled\lfw-deepfunneled\Laura_Bush\Laura_Bush_0023.jpg
Laura_Bush,Laura_Bush,True,0.8145,0.6091,D:\Acadamics\Sem5\DL\Project\DeepVision-AI\backend\models\face_recognition\dataset\lfw-deepfunneled\lfw-deepfunneled\Laura_Bush\Laura_Bush_0027.jpg
Laura_Bush,Laura_Bush,True,0.8622,0.525,D:\Acadamics\Sem5\DL\Project\DeepVision-AI\backend\models\face_recognition\dataset\lfw-deepfunneled\lfw-deepfunneled\Laura_Bush\Laura_Bush_0021.jpg
Laura_Bush,Laura_Bush,True,0.7266,0.7394,D:\Acadamics\Sem5\DL\Project\DeepVision-AI\backend\models\face_recognition\dataset\lfw-deepfunneled\lfw-deepfunneled\Laura_Bush\Laura_Bush_0008.jpg
Pete_Sampras,Pete_Sampras,True,0.8779,0.4941,D:\Acadamics\Sem5\DL\Project\DeepVision-AI\backend\models\face_recognition\dataset\lfw-deepfunneled\lfw-deepfunneled\Pete_Sampras\Pete_Sampras_0007.jpg
Pete_Sampras,Pete_Sampras,True,0.7483,0.7096,D:\Acadamics\Sem5\DL\Project\DeepVision-AI\backend\models\face_recognition\dataset\lfw-deepfunneled\lfw-deepfunneled\Pete_Sampras\Pete_Sampras_0010.jpg
Pete_Sampras,Pete_Sampras,True,0.8687,0.5124,D:\Acadamics\Sem5\DL\Project\DeepVision-AI\backend\models\face_recognition\dataset\lfw-deepfunneled\lfw-deepfunneled\Pete_Sampras\Pete_Sampras_0005.jpg
Pete_Sampras,Pete_Sampras,True,0.8816,0.4866,D:\Acadamics\Sem5\DL\Project\DeepVision-AI\backend\models\face_recognition\dataset\lfw-deepfunneled\lfw-deepfunneled\Pete_Sampras\Pete_Sampras_0019.jpg
Pete_Sampras,Pete_Sampras,True,0.8006,0.6315,D:\Acadamics\Sem5\DL\Project\DeepVision-AI\backend\models\face_recognition\dataset\lfw-deepfunneled\lfw-deepfunneled\Pete_Sampras\Pete_Sampras_0016.jpg
John_Negroponte,John_Negroponte,True,0.8791,0.4917,D:\Acadamics\Sem5\DL\Project\DeepVision-AI\backend\models\face_recognition\dataset\lfw-deepfunneled\lfw-deepfunneled\John_Negroponte\John_Negroponte_0011.jpg
John_Negroponte,John_Negroponte,True,0.8428,0.5607,D:\Acadamics\Sem5\DL\Project\DeepVision-AI\backend\models\face_recognition\dataset\lfw-deepfunneled\lfw-deepfunneled\John_Negroponte\John_Negroponte_0019.jpg
John_Negroponte,John_Negroponte,True,0.8812,0.4874,D:\Acadamics\Sem5\DL\Project\DeepVision-AI\backend\models\face_recognition\dataset\lfw-deepfunneled\lfw-deepfunneled\John_Negroponte\John_Negroponte_0028.jpg
John_Negroponte,John_Negroponte,True,0.9068,0.4318,D:\Acadamics\Sem5\DL\Project\DeepVision-AI\backend\models\face_recognition\dataset\lfw-deepfunneled\lfw-deepfunneled\John_Negroponte\John_Negroponte_0024.jpg
John_Negroponte,John_Negroponte,True,0.9225,0.3938,D:\Acadamics\Sem5\DL\Project\DeepVision-AI\backend\models\face_recognition\dataset\lfw-deepfunneled\lfw-deepfunneled\John_Negroponte\John_Negroponte_0012.jpg
Jack_Straw,Jack_Straw,True,0.8874,0.4745,D:\Acadamics\Sem5\DL\Project\DeepVision-AI\backend\models\face_recognition\dataset\lfw-deepfunneled\lfw-deepfunneled\Jack_Straw\Jack_Straw_0014.jpg
Jack_Straw,Jack_Straw,True,0.9485,0.3209,D:\Acadamics\Sem5\DL\Project\DeepVision-AI\backend\models\face_recognition\dataset\lfw-deepfunneled\lfw-deepfunneled\Jack_Straw\Jack_Straw_0007.jpg
Jack_Straw,Jack_Straw,True,0.9006,0.4458,D:\Acadamics\Sem5\DL\Project\DeepVision-AI\backend\models\face_recognition\dataset\lfw-deepfunneled\lfw-deepfunneled\Jack_Straw\Jack_Straw_0016.jpg
Jack_Straw,Jack_Straw,True,0.9098,0.4248,D:\Acadamics\Sem5\DL\Project\DeepVision-AI\backend\models\face_recognition\dataset\lfw-deepfunneled\lfw-deepfunneled\Jack_Straw\Jack_Straw_0026.jpg
Jack_Straw,Jack_Straw,True,0.8561,0.5364,D:\Acadamics\Sem5\DL\Project\DeepVision-AI\backend\models\face_recognition\dataset\lfw-deepfunneled\lfw-deepfunneled\Jack_Straw\Jack_Straw_0012.jpg
Saddam_Hussein,Saddam_Hussein,True,0.8847,0.4802,D:\Acadamics\Sem5\DL\Project\DeepVision-AI\backend\models\face_recognition\dataset\lfw-deepfunneled\lfw-deepfunneled\Saddam_Hussein\Saddam_Hussein_0017.jpg
Saddam_Hussein,Saddam_Hussein,True,0.909,0.4266,D:\Acadamics\Sem5\DL\Project\DeepVision-AI\backend\models\face_recognition\dataset\lfw-deepfunneled\lfw-deepfunneled\Saddam_Hussein\Saddam_Hussein_0019.jpg
Saddam_Hussein,Saddam_Hussein,True,0.882,0.4857,D:\Acadamics\Sem5\DL\Project\DeepVision-AI\backend\models\face_recognition\dataset\lfw-deepfunneled\lfw-deepfunneled\Saddam_Hussein\Saddam_Hussein_0023.jpg
Saddam_Hussein,Saddam_Hussein,True,0.9376,0.3534,D:\Acadamics\Sem5\DL\Project\DeepVision-AI\backend\models\face_recognition\dataset\lfw-deepfunneled\lfw-deepfunneled\Saddam_Hussein\Saddam_Hussein_0015.jpg
Saddam_Hussein,Saddam_Hussein,True,0.9242,0.3894,D:\Acadamics\Sem5\DL\Project\DeepVision-AI\backend\models\face_recognition\dataset\lfw-deepfunneled\lfw-deepfunneled\Saddam_Hussein\Saddam_Hussein_0013.jpg
Nestor_Kirchner,Nestor_Kirchner,True,0.9284,0.3784,D:\Acadamics\Sem5\DL\Project\DeepVision-AI\backend\models\face_recognition\dataset\lfw-deepfunneled\lfw-deepfunneled\Nestor_Kirchner\Nestor_Kirchner_0037.jpg
Nestor_Kirchner,Nestor_Kirchner,True,0.8782,0.4935,D:\Acadamics\Sem5\DL\Project\DeepVision-AI\backend\models\face_recognition\dataset\lfw-deepfunneled\lfw-deepfunneled\Nestor_Kirchner\Nestor_Kirchner_0024.jpg
Nestor_Kirchner,Nestor_Kirchner,True,0.9074,0.4303,D:\Acadamics\Sem5\DL\Project\DeepVision-AI\backend\models\face_recognition\dataset\lfw-deepfunneled\lfw-deepfunneled\Nestor_Kirchner\Nestor_Kirchner_0001.jpg
Nestor_Kirchner,Nestor_Kirchner,True,0.8697,0.5106,D:\Acadamics\Sem5\DL\Project\DeepVision-AI\backend\models\face_recognition\dataset\lfw-deepfunneled\lfw-deepfunneled\Nestor_Kirchner\Nestor_Kirchner_0019.jpg
Nestor_Kirchner,Nestor_Kirchner,True,0.9242,0.3893,D:\Acadamics\Sem5\DL\Project\DeepVision-AI\backend\models\face_recognition\dataset\lfw-deepfunneled\lfw-deepfunneled\Nestor_Kirchner\Nestor_Kirchner_0031.jpg
Trent_Lott,Trent_Lott,True,0.813,0.6115,D:\Acadamics\Sem5\DL\Project\DeepVision-AI\backend\models\face_recognition\dataset\lfw-deepfunneled\lfw-deepfunneled\Trent_Lott\Trent_Lott_0014.jpg
Trent_Lott,Trent_Lott,True,0.752,0.7042,D:\Acadamics\Sem5\DL\Project\DeepVision-AI\backend\models\face_recognition\dataset\lfw-deepfunneled\lfw-deepfunneled\Trent_Lott\Trent_Lott_0003.jpg
Trent_Lott,Unknown,False,0.5206,0.9792,D:\Acadamics\Sem5\DL\Project\DeepVision-AI\backend\models\face_recognition\dataset\lfw-deepfunneled\lfw-deepfunneled\Trent_Lott\Trent_Lott_0009.jpg
Trent_Lott,Trent_Lott,True,0.8891,0.4709,D:\Acadamics\Sem5\DL\Project\DeepVision-AI\backend\models\face_recognition\dataset\lfw-deepfunneled\lfw-deepfunneled\Trent_Lott\Trent_Lott_0005.jpg
Trent_Lott,Trent_Lott,True,0.9198,0.4005,D:\Acadamics\Sem5\DL\Project\DeepVision-AI\backend\models\face_recognition\dataset\lfw-deepfunneled\lfw-deepfunneled\Trent_Lott\Trent_Lott_0004.jpg
Arnold_Schwarzenegger,Arnold_Schwarzenegger,True,0.8408,0.5642,D:\Acadamics\Sem5\DL\Project\DeepVision-AI\backend\models\face_recognition\dataset\lfw-deepfunneled\lfw-deepfunneled\Arnold_Schwarzenegger\Arnold_Schwarzenegger_0003.jpg
Arnold_Schwarzenegger,Arnold_Schwarzenegger,True,0.8865,0.4764,D:\Acadamics\Sem5\DL\Project\DeepVision-AI\backend\models\face_recognition\dataset\lfw-deepfunneled\lfw-deepfunneled\Arnold_Schwarzenegger\Arnold_Schwarzenegger_0012.jpg
Arnold_Schwarzenegger,Unknown,False,0.6301,0.8601,D:\Acadamics\Sem5\DL\Project\DeepVision-AI\backend\models\face_recognition\dataset\lfw-deepfunneled\lfw-deepfunneled\Arnold_Schwarzenegger\Arnold_Schwarzenegger_0025.jpg
Arnold_Schwarzenegger,Unknown,False,0.6427,0.8453,D:\Acadamics\Sem5\DL\Project\DeepVision-AI\backend\models\face_recognition\dataset\lfw-deepfunneled\lfw-deepfunneled\Arnold_Schwarzenegger\Arnold_Schwarzenegger_0028.jpg
Arnold_Schwarzenegger,Arnold_Schwarzenegger,True,0.8788,0.4923,D:\Acadamics\Sem5\DL\Project\DeepVision-AI\backend\models\face_recognition\dataset\lfw-deepfunneled\lfw-deepfunneled\Arnold_Schwarzenegger\Arnold_Schwarzenegger_0042.jpg
Jennifer_Capriati,Jennifer_Capriati,True,0.9016,0.4436,D:\Acadamics\Sem5\DL\Project\DeepVision-AI\backend\models\face_recognition\dataset\lfw-deepfunneled\lfw-deepfunneled\Jennifer_Capriati\Jennifer_Capriati_0039.jpg
Jennifer_Capriati,Jennifer_Capriati,True,0.8787,0.4926,D:\Acadamics\Sem5\DL\Project\DeepVision-AI\backend\models\face_recognition\dataset\lfw-deepfunneled\lfw-deepfunneled\Jennifer_Capriati\Jennifer_Capriati_0009.jpg
Jennifer_Capriati,Jennifer_Capriati,True,0.8958,0.4564,D:\Acadamics\Sem5\DL\Project\DeepVision-AI\backend\models\face_recognition\dataset\lfw-deepfunneled\lfw-deepfunneled\Jennifer_Capriati\Jennifer_Capriati_0003.jpg
Jennifer_Capriati,Unknown,False,0.3044,1.1795,D:\Acadamics\Sem5\DL\Project\DeepVision-AI\backend\models\face_recognition\dataset\lfw-deepfunneled\lfw-deepfunneled\Jennifer_Capriati\Jennifer_Capriati_0001.jpg
Jennifer_Capriati,Jennifer_Capriati,True,0.7403,0.7208,D:\Acadamics\Sem5\DL\Project\DeepVision-AI\backend\models\face_recognition\dataset\lfw-deepfunneled\lfw-deepfunneled\Jennifer_Capriati\Jennifer_Capriati_0027.jpg
Ricardo_Lagos,Ricardo_Lagos,True,0.9136,0.4156,D:\Acadamics\Sem5\DL\Project\DeepVision-AI\backend\models\face_recognition\dataset\lfw-deepfunneled\lfw-deepfunneled\Ricardo_Lagos\Ricardo_Lagos_0022.jpg
Ricardo_Lagos,Ricardo_Lagos,True,0.9169,0.4077,D:\Acadamics\Sem5\DL\Project\DeepVision-AI\backend\models\face_recognition\dataset\lfw-deepfunneled\lfw-deepfunneled\Ricardo_Lagos\Ricardo_Lagos_0008.jpg
Ricardo_Lagos,Ricardo_Lagos,True,0.8896,0.4698,D:\Acadamics\Sem5\DL\Project\DeepVision-AI\backend\models\face_recognition\dataset\lfw-deepfunneled\lfw-deepfunneled\Ricardo_Lagos\Ricardo_Lagos_0012.jpg
Ricardo_Lagos,Ricardo_Lagos,True,0.9181,0.4048,D:\Acadamics\Sem5\DL\Project\DeepVision-AI\backend\models\face_recognition\dataset\lfw-deepfunneled\lfw-deepfunneled\Ricardo_Lagos\Ricardo_Lagos_0017.jpg
Ricardo_Lagos,Ricardo_Lagos,True,0.921,0.3975,D:\Acadamics\Sem5\DL\Project\DeepVision-AI\backend\models\face_recognition\dataset\lfw-deepfunneled\lfw-deepfunneled\Ricardo_Lagos\Ricardo_Lagos_0006.jpg
Rudolph_Giuliani,Rudolph_Giuliani,True,0.7709,0.6769,D:\Acadamics\Sem5\DL\Project\DeepVision-AI\backend\models\face_recognition\dataset\lfw-deepfunneled\lfw-deepfunneled\Rudolph_Giuliani\Rudolph_Giuliani_0012.jpg
Rudolph_Giuliani,Rudolph_Giuliani,True,0.8644,0.5208,D:\Acadamics\Sem5\DL\Project\DeepVision-AI\backend\models\face_recognition\dataset\lfw-deepfunneled\lfw-deepfunneled\Rudolph_Giuliani\Rudolph_Giuliani_0020.jpg
Rudolph_Giuliani,Rudolph_Giuliani,True,0.8913,0.4663,D:\Acadamics\Sem5\DL\Project\DeepVision-AI\backend\models\face_recognition\dataset\lfw-deepfunneled\lfw-deepfunneled\Rudolph_Giuliani\Rudolph_Giuliani_0005.jpg
Rudolph_Giuliani,Unknown,False,0.4203,1.0767,D:\Acadamics\Sem5\DL\Project\DeepVision-AI\backend\models\face_recognition\dataset\lfw-deepfunneled\lfw-deepfunneled\Rudolph_Giuliani\Rudolph_Giuliani_0018.jpg
Rudolph_Giuliani,Rudolph_Giuliani,True,0.8516,0.5448,D:\Acadamics\Sem5\DL\Project\DeepVision-AI\backend\models\face_recognition\dataset\lfw-deepfunneled\lfw-deepfunneled\Rudolph_Giuliani\Rudolph_Giuliani_0013.jpg
Joschka_Fischer,Joschka_Fischer,True,0.887,0.4754,D:\Acadamics\Sem5\DL\Project\DeepVision-AI\backend\models\face_recognition\dataset\lfw-deepfunneled\lfw-deepfunneled\Joschka_Fischer\Joschka_Fischer_0017.jpg
Joschka_Fischer,Joschka_Fischer,True,0.8289,0.585,D:\Acadamics\Sem5\DL\Project\DeepVision-AI\backend\models\face_recognition\dataset\lfw-deepfunneled\lfw-deepfunneled\Joschka_Fischer\Joschka_Fischer_0004.jpg
Joschka_Fischer,Joschka_Fischer,True,0.8806,0.4887,D:\Acadamics\Sem5\DL\Project\DeepVision-AI\backend\models\face_recognition\dataset\lfw-deepfunneled\lfw-deepfunneled\Joschka_Fischer\Joschka_Fischer_0019.jpg
Joschka_Fischer,Joschka_Fischer,True,0.8846,0.4805,D:\Acadamics\Sem5\DL\Project\DeepVision-AI\backend\models\face_recognition\dataset\lfw-deepfunneled\lfw-deepfunneled\Joschka_Fischer\Joschka_Fischer_0010.jpg
Joschka_Fischer,Joschka_Fischer,True,0.8899,0.4692,D:\Acadamics\Sem5\DL\Project\DeepVision-AI\backend\models\face_recognition\dataset\lfw-deepfunneled\lfw-deepfunneled\Joschka_Fischer\Joschka_Fischer_0015.jpg
John_Kerry,John_Kerry,True,0.9384,0.351,D:\Acadamics\Sem5\DL\Project\DeepVision-AI\backend\models\face_recognition\dataset\lfw-deepfunneled\lfw-deepfunneled\John_Kerry\John_Kerry_0007.jpg
John_Kerry,John_Kerry,True,0.9082,0.4286,D:\Acadamics\Sem5\DL\Project\DeepVision-AI\backend\models\face_recognition\dataset\lfw-deepfunneled\lfw-deepfunneled\John_Kerry\John_Kerry_0011.jpg
John_Kerry,John_Kerry,True,0.9097,0.425,D:\Acadamics\Sem5\DL\Project\DeepVision-AI\backend\models\face_recognition\dataset\lfw-deepfunneled\lfw-deepfunneled\John_Kerry\John_Kerry_0005.jpg
John_Kerry,John_Kerry,True,0.9657,0.2619,D:\Acadamics\Sem5\DL\Project\DeepVision-AI\backend\models\face_recognition\dataset\lfw-deepfunneled\lfw-deepfunneled\John_Kerry\John_Kerry_0010.jpg
John_Kerry,John_Kerry,True,0.9069,0.4316,D:\Acadamics\Sem5\DL\Project\DeepVision-AI\backend\models\face_recognition\dataset\lfw-deepfunneled\lfw-deepfunneled\John_Kerry\John_Kerry_0006.jpg
John_Bolton,John_Bolton,True,0.9422,0.3399,D:\Acadamics\Sem5\DL\Project\DeepVision-AI\backend\models\face_recognition\dataset\lfw-deepfunneled\lfw-deepfunneled\John_Bolton\John_Bolton_0007.jpg
John_Bolton,John_Bolton,True,0.9206,0.3984,D:\Acadamics\Sem5\DL\Project\DeepVision-AI\backend\models\face_recognition\dataset\lfw-deepfunneled\lfw-deepfunneled\John_Bolton\John_Bolton_0011.jpg
John_Bolton,John_Bolton,True,0.9079,0.4293,D:\Acadamics\Sem5\DL\Project\DeepVision-AI\backend\models\face_recognition\dataset\lfw-deepfunneled\lfw-deepfunneled\John_Bolton\John_Bolton_0001.jpg
John_Bolton,John_Bolton,True,0.8995,0.4484,D:\Acadamics\Sem5\DL\Project\DeepVision-AI\backend\models\face_recognition\dataset\lfw-deepfunneled\lfw-deepfunneled\John_Bolton\John_Bolton_0005.jpg
John_Bolton,John_Bolton,True,0.9487,0.3204,D:\Acadamics\Sem5\DL\Project\DeepVision-AI\backend\models\face_recognition\dataset\lfw-deepfunneled\lfw-deepfunneled\John_Bolton\John_Bolton_0017.jpg
Vladimir_Putin,Vladimir_Putin,True,0.852,0.5441,D:\Acadamics\Sem5\DL\Project\DeepVision-AI\backend\models\face_recognition\dataset\lfw-deepfunneled\lfw-deepfunneled\Vladimir_Putin\Vladimir_Putin_0036.jpg
Vladimir_Putin,Vladimir_Putin,True,0.869,0.5118,D:\Acadamics\Sem5\DL\Project\DeepVision-AI\backend\models\face_recognition\dataset\lfw-deepfunneled\lfw-deepfunneled\Vladimir_Putin\Vladimir_Putin_0037.jpg
Vladimir_Putin,Vladimir_Putin,True,0.8665,0.5168,D:\Acadamics\Sem5\DL\Project\DeepVision-AI\backend\models\face_recognition\dataset\lfw-deepfunneled\lfw-deepfunneled\Vladimir_Putin\Vladimir_Putin_0008.jpg
Vladimir_Putin,Vladimir_Putin,True,0.861,0.5273,D:\Acadamics\Sem5\DL\Project\DeepVision-AI\backend\models\face_recognition\dataset\lfw-deepfunneled\lfw-deepfunneled\Vladimir_Putin\Vladimir_Putin_0002.jpg
Vladimir_Putin,Vladimir_Putin,True,0.8622,0.525,D:\Acadamics\Sem5\DL\Project\DeepVision-AI\backend\models\face_recognition\dataset\lfw-deepfunneled\lfw-deepfunneled\Vladimir_Putin\Vladimir_Putin_0047.jpg
Julianne_Moore,Julianne_Moore,True,0.8475,0.5523,D:\Acadamics\Sem5\DL\Project\DeepVision-AI\backend\models\face_recognition\dataset\lfw-deepfunneled\lfw-deepfunneled\Julianne_Moore\Julianne_Moore_0019.jpg
Julianne_Moore,Julianne_Moore,True,0.786,0.6542,D:\Acadamics\Sem5\DL\Project\DeepVision-AI\backend\models\face_recognition\dataset\lfw-deepfunneled\lfw-deepfunneled\Julianne_Moore\Julianne_Moore_0002.jpg
Julianne_Moore,Unknown,False,0.3093,1.1753,D:\Acadamics\Sem5\DL\Project\DeepVision-AI\backend\models\face_recognition\dataset\lfw-deepfunneled\lfw-deepfunneled\Julianne_Moore\Julianne_Moore_0006.jpg
Julianne_Moore,Julianne_Moore,True,0.8912,0.4664,D:\Acadamics\Sem5\DL\Project\DeepVision-AI\backend\models\face_recognition\dataset\lfw-deepfunneled\lfw-deepfunneled\Julianne_Moore\Julianne_Moore_0011.jpg
Julianne_Moore,Julianne_Moore,True,0.8328,0.5783,D:\Acadamics\Sem5\DL\Project\DeepVision-AI\backend\models\face_recognition\dataset\lfw-deepfunneled\lfw-deepfunneled\Julianne_Moore\Julianne_Moore_0014.jpg
Silvio_Berlusconi,Silvio_Berlusconi,True,0.9123,0.4187,D:\Acadamics\Sem5\DL\Project\DeepVision-AI\backend\models\face_recognition\dataset\lfw-deepfunneled\lfw-deepfunneled\Silvio_Berlusconi\Silvio_Berlusconi_0007.jpg
Silvio_Berlusconi,Silvio_Berlusconi,True,0.8559,0.5368,D:\Acadamics\Sem5\DL\Project\DeepVision-AI\backend\models\face_recognition\dataset\lfw-deepfunneled\lfw-deepfunneled\Silvio_Berlusconi\Silvio_Berlusconi_0009.jpg
Silvio_Berlusconi,Silvio_Berlusconi,True,0.8696,0.5108,D:\Acadamics\Sem5\DL\Project\DeepVision-AI\backend\models\face_recognition\dataset\lfw-deepfunneled\lfw-deepfunneled\Silvio_Berlusconi\Silvio_Berlusconi_0033.jpg
Silvio_Berlusconi,Silvio_Berlusconi,True,0.9144,0.4138,D:\Acadamics\Sem5\DL\Project\DeepVision-AI\backend\models\face_recognition\dataset\lfw-deepfunneled\lfw-deepfunneled\Silvio_Berlusconi\Silvio_Berlusconi_0024.jpg
Silvio_Berlusconi,Silvio_Berlusconi,True,0.8647,0.5202,D:\Acadamics\Sem5\DL\Project\DeepVision-AI\backend\models\face_recognition\dataset\lfw-deepfunneled\lfw-deepfunneled\Silvio_Berlusconi\Silvio_Berlusconi_0011.jpg
Bill_Simon,Bill_Simon,True,0.8796,0.4907,D:\Acadamics\Sem5\DL\Project\DeepVision-AI\backend\models\face_recognition\dataset\lfw-deepfunneled\lfw-deepfunneled\Bill_Simon\Bill_Simon_0015.jpg
Bill_Simon,Bill_Simon,True,0.922,0.3951,D:\Acadamics\Sem5\DL\Project\DeepVision-AI\backend\models\face_recognition\dataset\lfw-deepfunneled\lfw-deepfunneled\Bill_Simon\Bill_Simon_0008.jpg
Bill_Simon,Bill_Simon,True,0.891,0.4669,D:\Acadamics\Sem5\DL\Project\DeepVision-AI\backend\models\face_recognition\dataset\lfw-deepfunneled\lfw-deepfunneled\Bill_Simon\Bill_Simon_0004.jpg
Bill_Simon,Bill_Simon,True,0.8329,0.5781,D:\Acadamics\Sem5\DL\Project\DeepVision-AI\backend\models\face_recognition\dataset\lfw-deepfunneled\lfw-deepfunneled\Bill_Simon\Bill_Simon_0006.jpg
Bill_Simon,Bill_Simon,True,0.9332,0.3655,D:\Acadamics\Sem5\DL\Project\DeepVision-AI\backend\models\face_recognition\dataset\lfw-deepfunneled\lfw-deepfunneled\Bill_Simon\Bill_Simon_0012.jpg
Jennifer_Aniston,Jennifer_Aniston,True,0.8008,0.6312,D:\Acadamics\Sem5\DL\Project\DeepVision-AI\backend\models\face_recognition\dataset\lfw-deepfunneled\lfw-deepfunneled\Jennifer_Aniston\Jennifer_Aniston_0012.jpg
Jennifer_Aniston,Jennifer_Aniston,True,0.7867,0.6532,D:\Acadamics\Sem5\DL\Project\DeepVision-AI\backend\models\face_recognition\dataset\lfw-deepfunneled\lfw-deepfunneled\Jennifer_Aniston\Jennifer_Aniston_0001.jpg
Jennifer_Aniston,Jennifer_Aniston,True,0.8831,0.4834,D:\Acadamics\Sem5\DL\Project\DeepVision-AI\backend\models\face_recognition\dataset\lfw-deepfunneled\lfw-deepfunneled\Jennifer_Aniston\Jennifer_Aniston_0010.jpg
Jennifer_Aniston,Jennifer_Aniston,True,0.871,0.5079,D:\Acadamics\Sem5\DL\Project\DeepVision-AI\backend\models\face_recognition\dataset\lfw-deepfunneled\lfw-deepfunneled\Jennifer_Aniston\Jennifer_Aniston_0018.jpg
Jennifer_Aniston,Jennifer_Aniston,True,0.7151,0.7549,D:\Acadamics\Sem5\DL\Project\DeepVision-AI\backend\models\face_recognition\dataset\lfw-deepfunneled\lfw-deepfunneled\Jennifer_Aniston\Jennifer_Aniston_0011.jpg
Gloria_Macapagal_Arroyo,Gloria_Macapagal_Arroyo,True,0.8663,0.5171,D:\Acadamics\Sem5\DL\Project\DeepVision-AI\backend\models\face_recognition\dataset\lfw-deepfunneled\lfw-deepfunneled\Gloria_Macapagal_Arroyo\Gloria_Macapagal_Arroyo_0021.jpg
Gloria_Macapagal_Arroyo,Gloria_Macapagal_Arroyo,True,0.8656,0.5184,D:\Acadamics\Sem5\DL\Project\DeepVision-AI\backend\models\face_recognition\dataset\lfw-deepfunneled\lfw-deepfunneled\Gloria_Macapagal_Arroyo\Gloria_Macapagal_Arroyo_0013.jpg
Gloria_Macapagal_Arroyo,Gloria_Macapagal_Arroyo,True,0.8748,0.5005,D:\Acadamics\Sem5\DL\Project\DeepVision-AI\backend\models\face_recognition\dataset\lfw-deepfunneled\lfw-deepfunneled\Gloria_Macapagal_Arroyo\Gloria_Macapagal_Arroyo_0025.jpg
Gloria_Macapagal_Arroyo,Gloria_Macapagal_Arroyo,True,0.9162,0.4093,D:\Acadamics\Sem5\DL\Project\DeepVision-AI\backend\models\face_recognition\dataset\lfw-deepfunneled\lfw-deepfunneled\Gloria_Macapagal_Arroyo\Gloria_Macapagal_Arroyo_0024.jpg
Gloria_Macapagal_Arroyo,Gloria_Macapagal_Arroyo,True,0.9105,0.4232,D:\Acadamics\Sem5\DL\Project\DeepVision-AI\backend\models\face_recognition\dataset\lfw-deepfunneled\lfw-deepfunneled\Gloria_Macapagal_Arroyo\Gloria_Macapagal_Arroyo_0026.jpg
Jeremy_Greenstock,Jeremy_Greenstock,True,0.8518,0.5444,D:\Acadamics\Sem5\DL\Project\DeepVision-AI\backend\models\face_recognition\dataset\lfw-deepfunneled\lfw-deepfunneled\Jeremy_Greenstock\Jeremy_Greenstock_0006.jpg
Jeremy_Greenstock,Jeremy_Greenstock,True,0.8752,0.4996,D:\Acadamics\Sem5\DL\Project\DeepVision-AI\backend\models\face_recognition\dataset\lfw-deepfunneled\lfw-deepfunneled\Jeremy_Greenstock\Jeremy_Greenstock_0019.jpg
Jeremy_Greenstock,Jeremy_Greenstock,True,0.8247,0.5921,D:\Acadamics\Sem5\DL\Project\DeepVision-AI\backend\models\face_recognition\dataset\lfw-deepfunneled\lfw-deepfunneled\Jeremy_Greenstock\Jeremy_Greenstock_0023.jpg
Jeremy_Greenstock,Jeremy_Greenstock,True,0.8462,0.5546,D:\Acadamics\Sem5\DL\Project\DeepVision-AI\backend\models\face_recognition\dataset\lfw-deepfunneled\lfw-deepfunneled\Jeremy_Greenstock\Jeremy_Greenstock_0008.jpg
Jeremy_Greenstock,Jeremy_Greenstock,True,0.8961,0.4559,D:\Acadamics\Sem5\DL\Project\DeepVision-AI\backend\models\face_recognition\dataset\lfw-deepfunneled\lfw-deepfunneled\Jeremy_Greenstock\Jeremy_Greenstock_0012.jpg
Jiang_Zemin,Jiang_Zemin,True,0.8877,0.474,D:\Acadamics\Sem5\DL\Project\DeepVision-AI\backend\models\face_recognition\dataset\lfw-deepfunneled\lfw-deepfunneled\Jiang_Zemin\Jiang_Zemin_0016.jpg
Jiang_Zemin,Jiang_Zemin,True,0.8884,0.4724,D:\Acadamics\Sem5\DL\Project\DeepVision-AI\backend\models\face_recognition\dataset\lfw-deepfunneled\lfw-deepfunneled\Jiang_Zemin\Jiang_Zemin_0009.jpg
Jiang_Zemin,Jiang_Zemin,True,0.9296,0.3752,D:\Acadamics\Sem5\DL\Project\DeepVision-AI\backend\models\face_recognition\dataset\lfw-deepfunneled\lfw-deepfunneled\Jiang_Zemin\Jiang_Zemin_0020.jpg
Jiang_Zemin,Jiang_Zemin,True,0.8869,0.4756,D:\Acadamics\Sem5\DL\Project\DeepVision-AI\backend\models\face_recognition\dataset\lfw-deepfunneled\lfw-deepfunneled\Jiang_Zemin\Jiang_Zemin_0011.jpg
Jiang_Zemin,Jiang_Zemin,True,0.8969,0.4542,D:\Acadamics\Sem5\DL\Project\DeepVision-AI\backend\models\face_recognition\dataset\lfw-deepfunneled\lfw-deepfunneled\Jiang_Zemin\Jiang_Zemin_0018.jpg
Donald_Rumsfeld,Donald_Rumsfeld,True,0.8136,0.6106,D:\Acadamics\Sem5\DL\Project\DeepVision-AI\backend\models\face_recognition\dataset\lfw-deepfunneled\lfw-deepfunneled\Donald_Rumsfeld\Donald_Rumsfeld_0047.jpg
Donald_Rumsfeld,Donald_Rumsfeld,True,0.7689,0.6799,D:\Acadamics\Sem5\DL\Project\DeepVision-AI\backend\models\face_recognition\dataset\lfw-deepfunneled\lfw-deepfunneled\Donald_Rumsfeld\Donald_Rumsfeld_0106.jpg
Donald_Rumsfeld,Donald_Rumsfeld,True,0.8043,0.6256,D:\Acadamics\Sem5\DL\Project\DeepVision-AI\backend\models\face_recognition\dataset\lfw-deepfunneled\lfw-deepfunneled\Donald_Rumsfeld\Donald_Rumsfeld_0117.jpg
Donald_Rumsfeld,Donald_Rumsfeld,True,0.9311,0.3711,D:\Acadamics\Sem5\DL\Project\DeepVision-AI\backend\models\face_recognition\dataset\lfw-deepfunneled\lfw-deepfunneled\Donald_Rumsfeld\Donald_Rumsfeld_0093.jpg
Donald_Rumsfeld,Donald_Rumsfeld,True,0.8172,0.6046,D:\Acadamics\Sem5\DL\Project\DeepVision-AI\backend\models\face_recognition\dataset\lfw-deepfunneled\lfw-deepfunneled\Donald_Rumsfeld\Donald_Rumsfeld_0049.jpg
Richard_Myers,Richard_Myers,True,0.906,0.4336,D:\Acadamics\Sem5\DL\Project\DeepVision-AI\backend\models\face_recognition\dataset\lfw-deepfunneled\lfw-deepfunneled\Richard_Myers\Richard_Myers_0002.jpg
Richard_Myers,Richard_Myers,True,0.8093,0.6176,D:\Acadamics\Sem5\DL\Project\DeepVision-AI\backend\models\face_recognition\dataset\lfw-deepfunneled\lfw-deepfunneled\Richard_Myers\Richard_Myers_0006.jpg
Richard_Myers,Richard_Myers,True,0.8685,0.5128,D:\Acadamics\Sem5\DL\Project\DeepVision-AI\backend\models\face_recognition\dataset\lfw-deepfunneled\lfw-deepfunneled\Richard_Myers\Richard_Myers_0014.jpg
Richard_Myers,Richard_Myers,True,0.9285,0.3783,D:\Acadamics\Sem5\DL\Project\DeepVision-AI\backend\models\face_recognition\dataset\lfw-deepfunneled\lfw-deepfunneled\Richard_Myers\Richard_Myers_0016.jpg
Richard_Myers,Richard_Myers,True,0.854,0.5403,D:\Acadamics\Sem5\DL\Project\DeepVision-AI\backend\models\face_recognition\dataset\lfw-deepfunneled\lfw-deepfunneled\Richard_Myers\Richard_Myers_0013.jpg
Paul_Bremer,Paul_Bremer,True,0.9409,0.3438,D:\Acadamics\Sem5\DL\Project\DeepVision-AI\backend\models\face_recognition\dataset\lfw-deepfunneled\lfw-deepfunneled\Paul_Bremer\Paul_Bremer_0007.jpg
Paul_Bremer,Paul_Bremer,True,0.9348,0.3612,D:\Acadamics\Sem5\DL\Project\DeepVision-AI\backend\models\face_recognition\dataset\lfw-deepfunneled\lfw-deepfunneled\Paul_Bremer\Paul_Bremer_0010.jpg
Paul_Bremer,Paul_Bremer,True,0.9301,0.3739,D:\Acadamics\Sem5\DL\Project\DeepVision-AI\backend\models\face_recognition\dataset\lfw-deepfunneled\lfw-deepfunneled\Paul_Bremer\Paul_Bremer_0006.jpg
Paul_Bremer,Paul_Bremer,True,0.9336,0.3645,D:\Acadamics\Sem5\DL\Project\DeepVision-AI\backend\models\face_recognition\dataset\lfw-deepfunneled\lfw-deepfunneled\Paul_Bremer\Paul_Bremer_0018.jpg
Paul_Bremer,Paul_Bremer,True,0.9399,0.3466,D:\Acadamics\Sem5\DL\Project\DeepVision-AI\backend\models\face_recognition\dataset\lfw-deepfunneled\lfw-deepfunneled\Paul_Bremer\Paul_Bremer_0008.jpg
Lindsay_Davenport,Lindsay_Davenport,True,0.8973,0.4532,D:\Acadamics\Sem5\DL\Project\DeepVision-AI\backend\models\face_recognition\dataset\lfw-deepfunneled\lfw-deepfunneled\Lindsay_Davenport\Lindsay_Davenport_0002.jpg
Lindsay_Davenport,Lindsay_Davenport,True,0.9211,0.3972,D:\Acadamics\Sem5\DL\Project\DeepVision-AI\backend\models\face_recognition\dataset\lfw-deepfunneled\lfw-deepfunneled\Lindsay_Davenport\Lindsay_Davenport_0009.jpg
Lindsay_Davenport,Lindsay_Davenport,True,0.8412,0.5636,D:\Acadamics\Sem5\DL\Project\DeepVision-AI\backend\models\face_recognition\dataset\lfw-deepfunneled\lfw-deepfunneled\Lindsay_Davenport\Lindsay_Davenport_0021.jpg
Lindsay_Davenport,Lindsay_Davenport,True,0.8985,0.4506,D:\Acadamics\Sem5\DL\Project\DeepVision-AI\backend\models\face_recognition\dataset\lfw-deepfunneled\lfw-deepfunneled\Lindsay_Davenport\Lindsay_Davenport_0010.jpg
Lindsay_Davenport,Lindsay_Davenport,True,0.9093,0.4259,D:\Acadamics\Sem5\DL\Project\DeepVision-AI\backend\models\face_recognition\dataset\lfw-deepfunneled\lfw-deepfunneled\Lindsay_Davenport\Lindsay_Davenport_0007.jpg
Ariel_Sharon,Ariel_Sharon,True,0.9396,0.3475,D:\Acadamics\Sem5\DL\Project\DeepVision-AI\backend\models\face_recognition\dataset\lfw-deepfunneled\lfw-deepfunneled\Ariel_Sharon\Ariel_Sharon_0051.jpg
Ariel_Sharon,Ariel_Sharon,True,0.892,0.4647,D:\Acadamics\Sem5\DL\Project\DeepVision-AI\backend\models\face_recognition\dataset\lfw-deepfunneled\lfw-deepfunneled\Ariel_Sharon\Ariel_Sharon_0011.jpg
Ariel_Sharon,Ariel_Sharon,True,0.8456,0.5557,D:\Acadamics\Sem5\DL\Project\DeepVision-AI\backend\models\face_recognition\dataset\lfw-deepfunneled\lfw-deepfunneled\Ariel_Sharon\Ariel_Sharon_0067.jpg
Ariel_Sharon,Ariel_Sharon,True,0.8569,0.5349,D:\Acadamics\Sem5\DL\Project\DeepVision-AI\backend\models\face_recognition\dataset\lfw-deepfunneled\lfw-deepfunneled\Ariel_Sharon\Ariel_Sharon_0069.jpg
Ariel_Sharon,Ariel_Sharon,True,0.9379,0.3525,D:\Acadamics\Sem5\DL\Project\DeepVision-AI\backend\models\face_recognition\dataset\lfw-deepfunneled\lfw-deepfunneled\Ariel_Sharon\Ariel_Sharon_0016.jpg
Jean_Charest,Jean_Charest,True,0.8767,0.4965,D:\Acadamics\Sem5\DL\Project\DeepVision-AI\backend\models\face_recognition\dataset\lfw-deepfunneled\lfw-deepfunneled\Jean_Charest\Jean_Charest_0013.jpg
Jean_Charest,Jean_Charest,True,0.8134,0.611,D:\Acadamics\Sem5\DL\Project\DeepVision-AI\backend\models\face_recognition\dataset\lfw-deepfunneled\lfw-deepfunneled\Jean_Charest\Jean_Charest_0008.jpg
Jean_Charest,Jean_Charest,True,0.8886,0.4721,D:\Acadamics\Sem5\DL\Project\DeepVision-AI\backend\models\face_recognition\dataset\lfw-deepfunneled\lfw-deepfunneled\Jean_Charest\Jean_Charest_0012.jpg
Jean_Charest,Jean_Charest,True,0.8933,0.4619,D:\Acadamics\Sem5\DL\Project\DeepVision-AI\backend\models\face_recognition\dataset\lfw-deepfunneled\lfw-deepfunneled\Jean_Charest\Jean_Charest_0004.jpg
Jean_Charest,Unknown,False,0.4502,1.0486,D:\Acadamics\Sem5\DL\Project\DeepVision-AI\backend\models\face_recognition\dataset\lfw-deepfunneled\lfw-deepfunneled\Jean_Charest\Jean_Charest_0001.jpg
Roh_Moo-hyun,Roh_Moo-hyun,True,0.9451,0.3312,D:\Acadamics\Sem5\DL\Project\DeepVision-AI\backend\models\face_recognition\dataset\lfw-deepfunneled\lfw-deepfunneled\Roh_Moo-hyun\Roh_Moo-hyun_0012.jpg
Roh_Moo-hyun,Roh_Moo-hyun,True,0.9617,0.2769,D:\Acadamics\Sem5\DL\Project\DeepVision-AI\backend\models\face_recognition\dataset\lfw-deepfunneled\lfw-deepfunneled\Roh_Moo-hyun\Roh_Moo-hyun_0024.jpg
Roh_Moo-hyun,Roh_Moo-hyun,True,0.9733,0.2311,D:\Acadamics\Sem5\DL\Project\DeepVision-AI\backend\models\face_recognition\dataset\lfw-deepfunneled\lfw-deepfunneled\Roh_Moo-hyun\Roh_Moo-hyun_0016.jpg
Roh_Moo-hyun,Roh_Moo-hyun,True,0.9464,0.3276,D:\Acadamics\Sem5\DL\Project\DeepVision-AI\backend\models\face_recognition\dataset\lfw-deepfunneled\lfw-deepfunneled\Roh_Moo-hyun\Roh_Moo-hyun_0006.jpg
Roh_Moo-hyun,Roh_Moo-hyun,True,0.964,0.2682,D:\Acadamics\Sem5\DL\Project\DeepVision-AI\backend\models\face_recognition\dataset\lfw-deepfunneled\lfw-deepfunneled\Roh_Moo-hyun\Roh_Moo-hyun_0015.jpg
John_Snow,John_Snow,True,0.8521,0.5438,D:\Acadamics\Sem5\DL\Project\DeepVision-AI\backend\models\face_recognition\dataset\lfw-deepfunneled\lfw-deepfunneled\John_Snow\John_Snow_0004.jpg
John_Snow,John_Snow,True,0.8078,0.6199,D:\Acadamics\Sem5\DL\Project\DeepVision-AI\backend\models\face_recognition\dataset\lfw-deepfunneled\lfw-deepfunneled\John_Snow\John_Snow_0003.jpg
John_Snow,John_Snow,True,0.9039,0.4385,D:\Acadamics\Sem5\DL\Project\DeepVision-AI\backend\models\face_recognition\dataset\lfw-deepfunneled\lfw-deepfunneled\John_Snow\John_Snow_0005.jpg
John_Snow,John_Snow,True,0.9352,0.3599,D:\Acadamics\Sem5\DL\Project\DeepVision-AI\backend\models\face_recognition\dataset\lfw-deepfunneled\lfw-deepfunneled\John_Snow\John_Snow_0006.jpg
John_Snow,John_Snow,True,0.9205,0.3988,D:\Acadamics\Sem5\DL\Project\DeepVision-AI\backend\models\face_recognition\dataset\lfw-deepfunneled\lfw-deepfunneled\John_Snow\John_Snow_0001.jpg
Unknown,Unknown,False,0.4698,1.0297,D:\Acadamics\Sem5\DL\Project\DeepVision-AI\backend\models\face_recognition\dataset\lfw-deepfunneled\lfw-deepfunneled\Alvaro_Uribe\Alvaro_Uribe_0001.jpg
Unknown,Unknown,False,0.3228,1.1638,D:\Acadamics\Sem5\DL\Project\DeepVision-AI\backend\models\face_recognition\dataset\lfw-deepfunneled\lfw-deepfunneled\Alvaro_Uribe\Alvaro_Uribe_0026.jpg
Unknown,Unknown,False,0.4209,1.0762,D:\Acadamics\Sem5\DL\Project\DeepVision-AI\backend\models\face_recognition\dataset\lfw-deepfunneled\lfw-deepfunneled\Alvaro_Uribe\Alvaro_Uribe_0021.jpg
Unknown,Unknown,False,0.4442,1.0543,D:\Acadamics\Sem5\DL\Project\DeepVision-AI\backend\models\face_recognition\dataset\lfw-deepfunneled\lfw-deepfunneled\Alvaro_Uribe\Alvaro_Uribe_0007.jpg
Unknown,Unknown,False,0.5116,0.9884,D:\Acadamics\Sem5\DL\Project\DeepVision-AI\backend\models\face_recognition\dataset\lfw-deepfunneled\lfw-deepfunneled\Alvaro_Uribe\Alvaro_Uribe_0019.jpg
Unknown,Unknown,False,0.3193,1.1668,D:\Acadamics\Sem5\DL\Project\DeepVision-AI\backend\models\face_recognition\dataset\lfw-deepfunneled\lfw-deepfunneled\David_Beckham\David_Beckham_0022.jpg
Unknown,Unknown,False,0.4177,1.0791,D:\Acadamics\Sem5\DL\Project\DeepVision-AI\backend\models\face_recognition\dataset\lfw-deepfunneled\lfw-deepfunneled\David_Beckham\David_Beckham_0001.jpg
Unknown,Unknown,False,0.4864,1.0135,D:\Acadamics\Sem5\DL\Project\DeepVision-AI\backend\models\face_recognition\dataset\lfw-deepfunneled\lfw-deepfunneled\David_Beckham\David_Beckham_0023.jpg
Unknown,Unknown,False,0.4399,1.0584,D:\Acadamics\Sem5\DL\Project\DeepVision-AI\backend\models\face_recognition\dataset\lfw-deepfunneled\lfw-deepfunneled\David_Beckham\David_Beckham_0027.jpg
Unknown,Unknown,False,0.3194,1.1667,D:\Acadamics\Sem5\DL\Project\DeepVision-AI\backend\models\face_recognition\dataset\lfw-deepfunneled\lfw-deepfunneled\David_Beckham\David_Beckham_0029.jpg
Unknown,Unknown,False,0.4044,1.0914,D:\Acadamics\Sem5\DL\Project\DeepVision-AI\backend\models\face_recognition\dataset\lfw-deepfunneled\lfw-deepfunneled\Jennifer_Lopez\Jennifer_Lopez_0010.jpg
Unknown,Unknown,False,0.3714,1.1212,D:\Acadamics\Sem5\DL\Project\DeepVision-AI\backend\models\face_recognition\dataset\lfw-deepfunneled\lfw-deepfunneled\Jennifer_Lopez\Jennifer_Lopez_0021.jpg
Unknown,Unknown,False,0.373,1.1198,D:\Acadamics\Sem5\DL\Project\DeepVision-AI\backend\models\face_recognition\dataset\lfw-deepfunneled\lfw-deepfunneled\Jennifer_Lopez\Jennifer_Lopez_0005.jpg
Unknown,Unknown,False,0.3273,1.1599,D:\Acadamics\Sem5\DL\Project\DeepVision-AI\backend\models\face_recognition\dataset\lfw-deepfunneled\lfw-deepfunneled\Jennifer_Lopez\Jennifer_Lopez_0017.jpg
Unknown,Unknown,False,0.4074,1.0887,D:\Acadamics\Sem5\DL\Project\DeepVision-AI\backend\models\face_recognition\dataset\lfw-deepfunneled\lfw-deepfunneled\Jennifer_Lopez\Jennifer_Lopez_0011.jpg
Unknown,Unknown,False,0.3749,1.1181,D:\Acadamics\Sem5\DL\Project\DeepVision-AI\backend\models\face_recognition\dataset\lfw-deepfunneled\lfw-deepfunneled\Naomi_Watts\Naomi_Watts_0012.jpg
Unknown,Unknown,False,0.4943,1.0056,D:\Acadamics\Sem5\DL\Project\DeepVision-AI\backend\models\face_recognition\dataset\lfw-deepfunneled\lfw-deepfunneled\Naomi_Watts\Naomi_Watts_0011.jpg
Unknown,Unknown,False,0.3192,1.1669,D:\Acadamics\Sem5\DL\Project\DeepVision-AI\backend\models\face_recognition\dataset\lfw-deepfunneled\lfw-deepfunneled\Naomi_Watts\Naomi_Watts_0008.jpg
Unknown,Unknown,False,0.3646,1.1273,D:\Acadamics\Sem5\DL\Project\DeepVision-AI\backend\models\face_recognition\dataset\lfw-deepfunneled\lfw-deepfunneled\Naomi_Watts\Naomi_Watts_0006.jpg
Unknown,Unknown,False,0.3977,1.0976,D:\Acadamics\Sem5\DL\Project\DeepVision-AI\backend\models\face_recognition\dataset\lfw-deepfunneled\lfw-deepfunneled\Naomi_Watts\Naomi_Watts_0014.jpg
Unknown,Unknown,False,0.492,1.008,D:\Acadamics\Sem5\DL\Project\DeepVision-AI\backend\models\face_recognition\dataset\lfw-deepfunneled\lfw-deepfunneled\Gerhard_Schroeder\Gerhard_Schroeder_0089.jpg
Unknown,Unknown,False,0.4606,1.0387,D:\Acadamics\Sem5\DL\Project\DeepVision-AI\backend\models\face_recognition\dataset\lfw-deepfunneled\lfw-deepfunneled\Gerhard_Schroeder\Gerhard_Schroeder_0025.jpg
Unknown,Unknown,False,0.4999,1.0001,D:\Acadamics\Sem5\DL\Project\DeepVision-AI\backend\models\face_recognition\dataset\lfw-deepfunneled\lfw-deepfunneled\Gerhard_Schroeder\Gerhard_Schroeder_0039.jpg
Unknown,Unknown,False,0.4899,1.01,D:\Acadamics\Sem5\DL\Project\DeepVision-AI\backend\models\face_recognition\dataset\lfw-deepfunneled\lfw-deepfunneled\Gerhard_Schroeder\Gerhard_Schroeder_0032.jpg
Unknown,Unknown,False,0.4327,1.0652,D:\Acadamics\Sem5\DL\Project\DeepVision-AI\backend\models\face_recognition\dataset\lfw-deepfunneled\lfw-deepfunneled\Gerhard_Schroeder\Gerhard_Schroeder_0020.jpg
Unknown,Unknown,False,0.4581,1.041,D:\Acadamics\Sem5\DL\Project\DeepVision-AI\backend\models\face_recognition\dataset\lfw-deepfunneled\lfw-deepfunneled\Luiz_Inacio_Lula_da_Silva\Luiz_Inacio_Lula_da_Silva_0004.jpg
Unknown,Unknown,False,0.3557,1.1352,D:\Acadamics\Sem5\DL\Project\DeepVision-AI\backend\models\face_recognition\dataset\lfw-deepfunneled\lfw-deepfunneled\Luiz_Inacio_Lula_da_Silva\Luiz_Inacio_Lula_da_Silva_0018.jpg
Unknown,Unknown,False,0.3727,1.1201,D:\Acadamics\Sem5\DL\Project\DeepVision-AI\backend\models\face_recognition\dataset\lfw-deepfunneled\lfw-deepfunneled\Luiz_Inacio_Lula_da_Silva\Luiz_Inacio_Lula_da_Silva_0038.jpg
Unknown,Unknown,False,0.3447,1.1448,D:\Acadamics\Sem5\DL\Project\DeepVision-AI\backend\models\face_recognition\dataset\lfw-deepfunneled\lfw-deepfunneled\Luiz_Inacio_Lula_da_Silva\Luiz_Inacio_Lula_da_Silva_0005.jpg
Unknown,Unknown,False,0.3579,1.1332,D:\Acadamics\Sem5\DL\Project\DeepVision-AI\backend\models\face_recognition\dataset\lfw-deepfunneled\lfw-deepfunneled\Luiz_Inacio_Lula_da_Silva\Luiz_Inacio_Lula_da_Silva_0036.jpg
Unknown,Unknown,False,0.5441,0.9549,D:\Acadamics\Sem5\DL\Project\DeepVision-AI\backend\models\face_recognition\dataset\lfw-deepfunneled\lfw-deepfunneled\Gray_Davis\Gray_Davis_0014.jpg
Unknown,Unknown,False,0.4869,1.013,D:\Acadamics\Sem5\DL\Project\DeepVision-AI\backend\models\face_recognition\dataset\lfw-deepfunneled\lfw-deepfunneled\Gray_Davis\Gray_Davis_0008.jpg
Unknown,Unknown,False,0.5476,0.9512,D:\Acadamics\Sem5\DL\Project\DeepVision-AI\backend\models\face_recognition\dataset\lfw-deepfunneled\lfw-deepfunneled\Gray_Davis\Gray_Davis_0010.jpg
Unknown,Unknown,False,0.5315,0.968,D:\Acadamics\Sem5\DL\Project\DeepVision-AI\backend\models\face_recognition\dataset\lfw-deepfunneled\lfw-deepfunneled\Gray_Davis\Gray_Davis_0009.jpg
Unknown,Unknown,False,0.5702,0.9272,D:\Acadamics\Sem5\DL\Project\DeepVision-AI\backend\models\face_recognition\dataset\lfw-deepfunneled\lfw-deepfunneled\Gray_Davis\Gray_Davis_0026.jpg
Unknown,Unknown,False,0.332,1.1558,D:\Acadamics\Sem5\DL\Project\DeepVision-AI\backend\models\face_recognition\dataset\lfw-deepfunneled\lfw-deepfunneled\Andy_Roddick\Andy_Roddick_0006.jpg
Unknown,Unknown,False,0.2663,1.2114,D:\Acadamics\Sem5\DL\Project\DeepVision-AI\backend\models\face_recognition\dataset\lfw-deepfunneled\lfw-deepfunneled\Andy_Roddick\Andy_Roddick_0011.jpg
Unknown,Unknown,False,0.3692,1.1232,D:\Acadamics\Sem5\DL\Project\DeepVision-AI\backend\models\face_recognition\dataset\lfw-deepfunneled\lfw-deepfunneled\Andy_Roddick\Andy_Roddick_0003.jpg
Unknown,Unknown,False,0.3944,1.1005,D:\Acadamics\Sem5\DL\Project\DeepVision-AI\backend\models\face_recognition\dataset\lfw-deepfunneled\lfw-deepfunneled\Andy_Roddick\Andy_Roddick_0007.jpg
Unknown,Unknown,False,0.3498,1.1403,D:\Acadamics\Sem5\DL\Project\DeepVision-AI\backend\models\face_recognition\dataset\lfw-deepfunneled\lfw-deepfunneled\Andy_Roddick\Andy_Roddick_0009.jpg
Unknown,Unknown,False,0.2475,1.2268,D:\Acadamics\Sem5\DL\Project\DeepVision-AI\backend\models\face_recognition\dataset\lfw-deepfunneled\lfw-deepfunneled\Angelina_Jolie\Angelina_Jolie_0016.jpg
Unknown,Unknown,False,0.2162,1.252,D:\Acadamics\Sem5\DL\Project\DeepVision-AI\backend\models\face_recognition\dataset\lfw-deepfunneled\lfw-deepfunneled\Angelina_Jolie\Angelina_Jolie_0007.jpg
Unknown,Unknown,False,0.2849,1.1959,D:\Acadamics\Sem5\DL\Project\DeepVision-AI\backend\models\face_recognition\dataset\lfw-deepfunneled\lfw-deepfunneled\Angelina_Jolie\Angelina_Jolie_0008.jpg
Unknown,Unknown,False,0.3407,1.1483,D:\Acadamics\Sem5\DL\Project\DeepVision-AI\backend\models\face_recognition\dataset\lfw-deepfunneled\lfw-deepfunneled\Angelina_Jolie\Angelina_Jolie_0014.jpg
Unknown,Unknown,False,0.39,1.1045,D:\Acadamics\Sem5\DL\Project\DeepVision-AI\backend\models\face_recognition\dataset\lfw-deepfunneled\lfw-deepfunneled\Angelina_Jolie\Angelina_Jolie_0009.jpg
Unknown,Unknown,False,0.4941,1.0059,D:\Acadamics\Sem5\DL\Project\DeepVision-AI\backend\models\face_recognition\dataset\lfw-deepfunneled\lfw-deepfunneled\George_W_Bush\George_W_Bush_0514.jpg
Unknown,Unknown,False,0.5457,0.9532,D:\Acadamics\Sem5\DL\Project\DeepVision-AI\backend\models\face_recognition\dataset\lfw-deepfunneled\lfw-deepfunneled\George_W_Bush\George_W_Bush_0037.jpg
Unknown,Unknown,False,0.5159,0.984,D:\Acadamics\Sem5\DL\Project\DeepVision-AI\backend\models\face_recognition\dataset\lfw-deepfunneled\lfw-deepfunneled\George_W_Bush\George_W_Bush_0471.jpg
Unknown,Unknown,False,0.4546,1.0444,D:\Acadamics\Sem5\DL\Project\DeepVision-AI\backend\models\face_recognition\dataset\lfw-deepfunneled\lfw-deepfunneled\George_W_Bush\George_W_Bush_0162.jpg
Unknown,Unknown,False,0.5519,0.9467,D:\Acadamics\Sem5\DL\Project\DeepVision-AI\backend\models\face_recognition\dataset\lfw-deepfunneled\lfw-deepfunneled\George_W_Bush\George_W_Bush_0349.jpg
Unknown,Silvio_Berlusconi,True,0.7103,0.7611,D:\Acadamics\Sem5\DL\Project\DeepVision-AI\backend\models\face_recognition\dataset\lfw-deepfunneled\lfw-deepfunneled\Jose_Maria_Aznar\Jose_Maria_Aznar_0018.jpg
Unknown,Unknown,False,0.3933,1.1015,D:\Acadamics\Sem5\DL\Project\DeepVision-AI\backend\models\face_recognition\dataset\lfw-deepfunneled\lfw-deepfunneled\Jose_Maria_Aznar\Jose_Maria_Aznar_0011.jpg
Unknown,Unknown,False,0.3972,1.098,D:\Acadamics\Sem5\DL\Project\DeepVision-AI\backend\models\face_recognition\dataset\lfw-deepfunneled\lfw-deepfunneled\Jose_Maria_Aznar\Jose_Maria_Aznar_0022.jpg
Unknown,Unknown,False,0.4274,1.0701,D:\Acadamics\Sem5\DL\Project\DeepVision-AI\backend\models\face_recognition\dataset\lfw-deepfunneled\lfw-deepfunneled\Jose_Maria_Aznar\Jose_Maria_Aznar_0013.jpg
Unknown,Unknown,False,0.5849,0.9111,D:\Acadamics\Sem5\DL\Project\DeepVision-AI\backend\models\face_recognition\dataset\lfw-deepfunneled\lfw-deepfunneled\Jose_Maria_Aznar\Jose_Maria_Aznar_0004.jpg
Unknown,Unknown,False,0.4447,1.0539,D:\Acadamics\Sem5\DL\Project\DeepVision-AI\backend\models\face_recognition\dataset\lfw-deepfunneled\lfw-deepfunneled\Meryl_Streep\Meryl_Streep_0008.jpg
Unknown,Unknown,False,0.4604,1.0388,D:\Acadamics\Sem5\DL\Project\DeepVision-AI\backend\models\face_recognition\dataset\lfw-deepfunneled\lfw-deepfunneled\Meryl_Streep\Meryl_Streep_0013.jpg
Unknown,Unknown,False,0.4642,1.0352,D:\Acadamics\Sem5\DL\Project\DeepVision-AI\backend\models\face_recognition\dataset\lfw-deepfunneled\lfw-deepfunneled\Meryl_Streep\Meryl_Streep_0010.jpg
Unknown,Unknown,False,0.3741,1.1188,D:\Acadamics\Sem5\DL\Project\DeepVision-AI\backend\models\face_recognition\dataset\lfw-deepfunneled\lfw-deepfunneled\Meryl_Streep\Meryl_Streep_0004.jpg
Unknown,Unknown,False,0.3983,1.097,D:\Acadamics\Sem5\DL\Project\DeepVision-AI\backend\models\face_recognition\dataset\lfw-deepfunneled\lfw-deepfunneled\Meryl_Streep\Meryl_Streep_0005.jpg
Unknown,Unknown,False,0.4804,1.0195,D:\Acadamics\Sem5\DL\Project\DeepVision-AI\backend\models\face_recognition\dataset\lfw-deepfunneled\lfw-deepfunneled\Tom_Daschle\Tom_Daschle_0009.jpg
Unknown,Unknown,False,0.5065,0.9935,D:\Acadamics\Sem5\DL\Project\DeepVision-AI\backend\models\face_recognition\dataset\lfw-deepfunneled\lfw-deepfunneled\Tom_Daschle\Tom_Daschle_0012.jpg
Unknown,Unknown,False,0.4425,1.0559,D:\Acadamics\Sem5\DL\Project\DeepVision-AI\backend\models\face_recognition\dataset\lfw-deepfunneled\lfw-deepfunneled\Tom_Daschle\Tom_Daschle_0011.jpg
Unknown,Unknown,False,0.4784,1.0214,D:\Acadamics\Sem5\DL\Project\DeepVision-AI\backend\models\face_recognition\dataset\lfw-deepfunneled\lfw-deepfunneled\Tom_Daschle\Tom_Daschle_0019.jpg
Unknown,Unknown,False,0.4414,1.0569,D:\Acadamics\Sem5\DL\Project\DeepVision-AI\backend\models\face_recognition\dataset\lfw-deepfunneled\lfw-deepfunneled\Tom_Daschle\Tom_Daschle_0021.jpg
Unknown,Unknown,False,0.388,1.1063,D:\Acadamics\Sem5\DL\Project\DeepVision-AI\backend\models\face_recognition\dataset\lfw-deepfunneled\lfw-deepfunneled\Fidel_Castro\Fidel_Castro_0015.jpg
Unknown,Unknown,False,0.4093,1.087,D:\Acadamics\Sem5\DL\Project\DeepVision-AI\backend\models\face_recognition\dataset\lfw-deepfunneled\lfw-deepfunneled\Fidel_Castro\Fidel_Castro_0018.jpg
Unknown,Unknown,False,0.2569,1.2191,D:\Acadamics\Sem5\DL\Project\DeepVision-AI\backend\models\face_recognition\dataset\lfw-deepfunneled\lfw-deepfunneled\Fidel_Castro\Fidel_Castro_0009.jpg
Unknown,Unknown,False,0.368,1.1242,D:\Acadamics\Sem5\DL\Project\DeepVision-AI\backend\models\face_recognition\dataset\lfw-deepfunneled\lfw-deepfunneled\Fidel_Castro\Fidel_Castro_0006.jpg
Unknown,Unknown,False,0.5628,0.9351,D:\Acadamics\Sem5\DL\Project\DeepVision-AI\backend\models\face_recognition\dataset\lfw-deepfunneled\lfw-deepfunneled\Fidel_Castro\Fidel_Castro_0005.jpg
Unknown,Unknown,False,0.5781,0.9186,D:\Acadamics\Sem5\DL\Project\DeepVision-AI\backend\models\face_recognition\dataset\lfw-deepfunneled\lfw-deepfunneled\Pierce_Brosnan\Pierce_Brosnan_0001.jpg
Unknown,Unknown,False,0.4226,1.0746,D:\Acadamics\Sem5\DL\Project\DeepVision-AI\backend\models\face_recognition\dataset\lfw-deepfunneled\lfw-deepfunneled\Pierce_Brosnan\Pierce_Brosnan_0007.jpg
Unknown,Unknown,False,0.5273,0.9723,D:\Acadamics\Sem5\DL\Project\DeepVision-AI\backend\models\face_recognition\dataset\lfw-deepfunneled\lfw-deepfunneled\Pierce_Brosnan\Pierce_Brosnan_0008.jpg
Unknown,Unknown,False,0.3945,1.1004,D:\Acadamics\Sem5\DL\Project\DeepVision-AI\backend\models\face_recognition\dataset\lfw-deepfunneled\lfw-deepfunneled\Pierce_Brosnan\Pierce_Brosnan_0015.jpg
Unknown,Unknown,False,0.4426,1.0558,D:\Acadamics\Sem5\DL\Project\DeepVision-AI\backend\models\face_recognition\dataset\lfw-deepfunneled\lfw-deepfunneled\Pierce_Brosnan\Pierce_Brosnan_0014.jpg
Unknown,Unknown,False,0.4136,1.0829,D:\Acadamics\Sem5\DL\Project\DeepVision-AI\backend\models\face_recognition\dataset\lfw-deepfunneled\lfw-deepfunneled\John_Howard\John_Howard_0013.jpg
Unknown,Unknown,False,0.4036,1.0921,D:\Acadamics\Sem5\DL\Project\DeepVision-AI\backend\models\face_recognition\dataset\lfw-deepfunneled\lfw-deepfunneled\John_Howard\John_Howard_0003.jpg
Unknown,Unknown,False,0.4044,1.0915,D:\Acadamics\Sem5\DL\Project\DeepVision-AI\backend\models\face_recognition\dataset\lfw-deepfunneled\lfw-deepfunneled\John_Howard\John_Howard_0005.jpg
Unknown,Unknown,False,0.3573,1.1337,D:\Acadamics\Sem5\DL\Project\DeepVision-AI\backend\models\face_recognition\dataset\lfw-deepfunneled\lfw-deepfunneled\John_Howard\John_Howard_0018.jpg
Unknown,Unknown,False,0.3512,1.1391,D:\Acadamics\Sem5\DL\Project\DeepVision-AI\backend\models\face_recognition\dataset\lfw-deepfunneled\lfw-deepfunneled\John_Howard\John_Howard_0010.jpg
Unknown,Unknown,False,0.3842,1.1098,D:\Acadamics\Sem5\DL\Project\DeepVision-AI\backend\models\face_recognition\dataset\lfw-deepfunneled\lfw-deepfunneled\Spencer_Abraham\Spencer_Abraham_0011.jpg
Unknown,Unknown,False,0.3989,1.0964,D:\Acadamics\Sem5\DL\Project\DeepVision-AI\backend\models\face_recognition\dataset\lfw-deepfunneled\lfw-deepfunneled\Spencer_Abraham\Spencer_Abraham_0009.jpg
Unknown,Unknown,False,0.5083,0.9916,D:\Acadamics\Sem5\DL\Project\DeepVision-AI\backend\models\face_recognition\dataset\lfw-deepfunneled\lfw-deepfunneled\Spencer_Abraham\Spencer_Abraham_0010.jpg
Unknown,Unknown,False,0.4822,1.0177,D:\Acadamics\Sem5\DL\Project\DeepVision-AI\backend\models\face_recognition\dataset\lfw-deepfunneled\lfw-deepfunneled\Spencer_Abraham\Spencer_Abraham_0002.jpg
Unknown,Unknown,False,0.4241,1.0732,D:\Acadamics\Sem5\DL\Project\DeepVision-AI\backend\models\face_recognition\dataset\lfw-deepfunneled\lfw-deepfunneled\Spencer_Abraham\Spencer_Abraham_0017.jpg
Unknown,Unknown,False,0.4264,1.071,D:\Acadamics\Sem5\DL\Project\DeepVision-AI\backend\models\face_recognition\dataset\lfw-deepfunneled\lfw-deepfunneled\George_Robertson\George_Robertson_0016.jpg
Unknown,Unknown,False,0.3528,1.1377,D:\Acadamics\Sem5\DL\Project\DeepVision-AI\backend\models\face_recognition\dataset\lfw-deepfunneled\lfw-deepfunneled\George_Robertson\George_Robertson_0018.jpg
Unknown,Unknown,False,0.3413,1.1478,D:\Acadamics\Sem5\DL\Project\DeepVision-AI\backend\models\face_recognition\dataset\lfw-deepfunneled\lfw-deepfunneled\George_Robertson\George_Robertson_0013.jpg
Unknown,Unknown,False,0.3509,1.1394,D:\Acadamics\Sem5\DL\Project\DeepVision-AI\backend\models\face_recognition\dataset\lfw-deepfunneled\lfw-deepfunneled\George_Robertson\George_Robertson_0010.jpg
Unknown,Unknown,False,0.3803,1.1133,D:\Acadamics\Sem5\DL\Project\DeepVision-AI\backend\models\face_recognition\dataset\lfw-deepfunneled\lfw-deepfunneled\George_Robertson\George_Robertson_0006.jpg
Unknown,Unknown,False,0.5467,0.9521,D:\Acadamics\Sem5\DL\Project\DeepVision-AI\backend\models\face_recognition\dataset\lfw-deepfunneled\lfw-deepfunneled\Abdullah_Gul\Abdullah_Gul_0017.jpg
Unknown,Unknown,False,0.556,0.9423,D:\Acadamics\Sem5\DL\Project\DeepVision-AI\backend\models\face_recognition\dataset\lfw-deepfunneled\lfw-deepfunneled\Abdullah_Gul\Abdullah_Gul_0009.jpg
Unknown,Unknown,False,0.5041,0.9959,D:\Acadamics\Sem5\DL\Project\DeepVision-AI\backend\models\face_recognition\dataset\lfw-deepfunneled\lfw-deepfunneled\Abdullah_Gul\Abdullah_Gul_0019.jpg
Unknown,Unknown,False,0.5082,0.9918,D:\Acadamics\Sem5\DL\Project\DeepVision-AI\backend\models\face_recognition\dataset\lfw-deepfunneled\lfw-deepfunneled\Abdullah_Gul\Abdullah_Gul_0006.jpg
Unknown,Unknown,False,0.5472,0.9517,D:\Acadamics\Sem5\DL\Project\DeepVision-AI\backend\models\face_recognition\dataset\lfw-deepfunneled\lfw-deepfunneled\Abdullah_Gul\Abdullah_Gul_0003.jpg
Unknown,Unknown,False,0.3653,1.1267,D:\Acadamics\Sem5\DL\Project\DeepVision-AI\backend\models\face_recognition\dataset\lfw-deepfunneled\lfw-deepfunneled\Venus_Williams\Venus_Williams_0007.jpg
Unknown,Unknown,False,0.4279,1.0697,D:\Acadamics\Sem5\DL\Project\DeepVision-AI\backend\models\face_recognition\dataset\lfw-deepfunneled\lfw-deepfunneled\Venus_Williams\Venus_Williams_0015.jpg
Unknown,Unknown,False,0.2959,1.1867,D:\Acadamics\Sem5\DL\Project\DeepVision-AI\backend\models\face_recognition\dataset\lfw-deepfunneled\lfw-deepfunneled\Venus_Williams\Venus_Williams_0001.jpg
Unknown,Unknown,False,0.3535,1.1371,D:\Acadamics\Sem5\DL\Project\DeepVision-AI\backend\models\face_recognition\dataset\lfw-deepfunneled\lfw-deepfunneled\Venus_Williams\Venus_Williams_0004.jpg
Unknown,Unknown,False,0.3273,1.1599,D:\Acadamics\Sem5\DL\Project\DeepVision-AI\backend\models\face_recognition\dataset\lfw-deepfunneled\lfw-deepfunneled\Venus_Williams\Venus_Williams_0013.jpg
